{"version":84,"hash":{"type":"Buffer","data":"zZhYzi/P1xQ5hOEq9Cm/6sA7PXyQpk1zRnjd+iQ0z+k4CEZADx+TpvWQuN3EaTjsAlmPHCWt9RViKOojgdbqHqMzoe0PA4JXVSUm4/KZ72xJm6LfDeq8dG/kCKRbRq0qz5518pxyxrp1jBgNrNB97S9BPNO+aIBl3vBIcRitaXg="},"indexValueMap":{"AVJ7s3Eog3vLLpdWreZAQMGYrNvkfWzz7ftl5nfXkqQ=":{"valueMac":{"type":"Buffer","data":"kkMkQgqqt/yzWbhLlzKC4I8UYxPLgi3Egqp30ZediKk="}},"A5Ftt+47ixUoc1bVcPL+tonlSxoyf0A5iAzHZiZkPJ0=":{"valueMac":{"type":"Buffer","data":"8wGk4z1v78k+W67BSL4iRCmAgl5f8Dm32RPfhibAvkg="}},"DvHH8s46qswYJDva0UFjCiK8IDCQMzqQ5lOZiAyPgBM=":{"valueMac":{"type":"Buffer","data":"VPLd3Gl7QDcDKVr2pKXBJjWidzMq+h1txadZ9KnHxbc="}},"EXgE3A3gxz1uIQgGhTpnaNQ6o3OSxtIkuDcrC4vudt8=":{"valueMac":{"type":"Buffer","data":"xRXKeSYXE4eVBUpmVwz5tbRM13wmq/PO1KKbnzmjmps="}},"GaDl5W2lBLWFgZu0P4T7oYTCPedU2Fx1urCcYipt6EU=":{"valueMac":{"type":"Buffer","data":"zqc560nsMksU7xFc7sx6Fo1An6/xTJYrkfu+7piV8wc="}},"I0r6UTfTlXYiWYl64dxTXSr4CaskzAHb7GzuWZ3LjfQ=":{"valueMac":{"type":"Buffer","data":"hz1G4nHHAHpLjIZF/TkBmWeTlfrbKt22gVIUKpRP/f8="}},"JLbvy//5wjzsjTbY0ax4vXfjfyoFoEo/a40VXSu+Cpk=":{"valueMac":{"type":"Buffer","data":"lUXJ7yC3YrW1oGMV6i/Hid7m/Q7Dh5FxKqJ0FPx16eM="}},"JsvX12IobyuOeetRewUTuF3oNJYwGSwiJvpnhf13yEw=":{"valueMac":{"type":"Buffer","data":"BBThx31BbvyfEVzfTo4jrkXdRw27YXpFRuVJTmFzjU0="}},"Lop7tD/U2xPP37Ocpy27wENB4qePPIoUqH+3cjlX5/o=":{"valueMac":{"type":"Buffer","data":"qrIGKQ4+5Leityil0chpcLbpU6iYm30MTaIM4l0YeQM="}},"MtmX1cfwpgNsnedFtDDXXa7B8+FWWGhTAf6vQSGur+I=":{"valueMac":{"type":"Buffer","data":"dgnM8/VmQurr/gjNdAKAPol+RlSaGOpwxCOrmWK5Ot0="}},"PtzCIGTuf3wE1NOiljy6DBIqurZNfieJQKAKWvs8lyI=":{"valueMac":{"type":"Buffer","data":"ifV4w0XYIVFQt1AMQgEiFSrHI2iQV9Vy0LRRPfisGeI="}},"QMaAVz0XZE3mtpfqzkZMWzY0mFcuPCIo8td4I0DPWfs=":{"valueMac":{"type":"Buffer","data":"mCtburVq2Pt3F9zfY/49jdzK4LyOcLFB0XWXnitq+1c="}},"RsYPXAShMrXoszi1YzdVwBR7YNIwMwYHmeqesIoKoUI=":{"valueMac":{"type":"Buffer","data":"sscfRTZWqNdnvsmnHge10CZqNMhbFOWXMnzIErmaUpQ="}},"R6xyBUQUvb8of5+IfdD95onAtE6li5G6Ssp+/+h1aaE=":{"valueMac":{"type":"Buffer","data":"6qAlHJpvDfJ8oDg1Xb50ckMcgnv7nG8sEaTgLVwxAf8="}},"SR6gf5Jhq0W/ws6z/tnmTsishdxuuGWrGmy03z2p2xY=":{"valueMac":{"type":"Buffer","data":"roD+VMjNX8/XyZCY/7rDIztx+uEmVwS6BAxfL0zlkdY="}},"SgZU3k/M70gk2UIYW7R9ePsflx3LK/AkR1rBVPv8mro=":{"valueMac":{"type":"Buffer","data":"uMuk80FbE42NFyDUNK9bqJsSOxf5gPTcLVkO3lplI1M="}},"S375fBlTQS5F3iGHPBm76XV6fVcZ/4HRcnaVCmYkCLw=":{"valueMac":{"type":"Buffer","data":"CovTPwzo+8KdKDeE4GxTdiJlo/0Nag4wsHnN+xRXblk="}},"ULcY40QUpv0xc04q5daAnNGpaO7cPkijv9V9Y62srGg=":{"valueMac":{"type":"Buffer","data":"ZnWOss9hz25HoGrQgYGqqDq+2u3Ag3+rT8vDaRU0hR8="}},"V1lThm72NMJ8OY9YtUnN2q5v+kYweMZQZVSULPgKAyc=":{"valueMac":{"type":"Buffer","data":"zQQcxxIVKIE2D5tAlqQZ+RjpAgFgHOH14PukzcEoYZg="}},"WwSj3XJv8A0hmz2CQnNCz6lZjOdMFXCGA8QRifkVAbI=":{"valueMac":{"type":"Buffer","data":"heYXUSn6TkDvufiCRMLjCRjyP07YulieZoYi4nUOFww="}},"W26Zhbnk4xLi6aTOiWA5HVFsCCTj4urdQQal2FijJ0A=":{"valueMac":{"type":"Buffer","data":"BUb9XCzpXxPy3jQDHwphjbazKszIEPmWWh+4hNYkNTo="}},"XCZT0Pj67FiGX6xYt8H8iJGxurvbqZdFwQkTBapjrTg=":{"valueMac":{"type":"Buffer","data":"BPfgzS59zoa5h7qaT/7uU1VBE1oa+VIJwh+dP7gJqaU="}},"Xb7EXwuSI+Od5R8ezHZtW3v7IAemBBuP3gLaExq43BQ=":{"valueMac":{"type":"Buffer","data":"MUdWo1lAJmqRjJ7rM1bx5pD9c++QWLlonpCZFaGQvv4="}},"YTCVL5u9aH3N1FwO1zCoakHsUugqBOxy/nznDyBUw5I=":{"valueMac":{"type":"Buffer","data":"ptoXl0TkwUr62uxqx+ITKYOCM8ENIxdvOLtaQTGDsN8="}},"Zl2ctzSVcB7TErIvK5IbjAuoFdCZ185Ly/EER2+7x2g=":{"valueMac":{"type":"Buffer","data":"QzS21uwdzxBptcGZR8iHsqnR0ODBBDFzi/RH97pJ+Zc="}},"ZrXcnxycDDeSJLQOsSB2HYOKOmRifpT2kc8XB9djnNU=":{"valueMac":{"type":"Buffer","data":"g9xRmxsG+rCAkGOeVEAX34BmyN5um7X1g64RIayXSq0="}},"Z1Xw/v7kl7CIK/fgfW++im14HUFcJ2SGk16MjXJde6E=":{"valueMac":{"type":"Buffer","data":"z6SYnVFKi8g1v8jQtmJ4MHh0pX35Ut15Yx40o/q1xBg="}},"Z12zCc8V5jMJ+d6vxXD8JIlk0Tf6QsubcWlDDJkMY3I=":{"valueMac":{"type":"Buffer","data":"B/oki+v70KDSclL6f5c6bUgJWBb3vPAvGJFqQdSEZC0="}},"aut3DfYB9kMRIf1Hdx7tN5ymKI5XLLiOW0cTpROc9DY=":{"valueMac":{"type":"Buffer","data":"ljZ83y+l+QBIKOzETyVobfGO8BjDivpW5gidfBtti84="}},"bIDwiklAgc3ddnhb6UOzoWp59myKWCjXb1TlNIgfVIs=":{"valueMac":{"type":"Buffer","data":"3bzjCYPhg1McgMAxcMwPL8ePob1PfI9C1j+xp2W+n9A="}},"bTcx3i5iG0Xw3McRXKlhOIrNZoyx1aR8gId80LOa6j4=":{"valueMac":{"type":"Buffer","data":"sfJG8TDq4hJVzDefb7nngtVFt00CKKvVvuNlF6wisvs="}},"bn3ms+YAxoSlfIjZcEZuQgZVk2LP6gGlGAfQT6oVBIs=":{"valueMac":{"type":"Buffer","data":"N5gUbWSDWSQLLswUOcUmlt5HqJ6ikHDWxr6rpoVJhWo="}},"c56qymPIaJXWkkx8qJjgy6fFlNAYVHz1+2Cqw7cTmoU=":{"valueMac":{"type":"Buffer","data":"FZrHg3aRvcFwGqE6/eg91N9IvIfOcXplxzIYzkCrbj0="}},"dU+ynF/w8ylP3nMzD4WG8ECZAx72krXb36siP1eZVOw=":{"valueMac":{"type":"Buffer","data":"blEWRrUNu2SxJOAXK4se8diiBjsDZDoKl8jZcBWuV6Q="}},"dXo4GczX8cA6YtrD4WNOQ+4KH5y2tgLSvpO0hlpNwOk=":{"valueMac":{"type":"Buffer","data":"4gkFDQVPo0tZC4KHjl/epceJpzq15Da7Z+L1kGMOJJU="}},"isfmmQJ4VxfFncFvy0M1iAmE+ycCkGCqO2JsvcDPCNk=":{"valueMac":{"type":"Buffer","data":"cGrwquwQT2BsRtZ3nD8ihpP5vwseOlLZGbHM9X9/0Bs="}},"kc3Zq8svR5ViRp5lX4HYBHP+V9b2yuFJT4fbpI7LHGo=":{"valueMac":{"type":"Buffer","data":"eJOr+3FXqVNpO4Ts8CB718qkBCT+UB4oggiPwsxnnIU="}},"k2K8JF/+8Q0Hnewae2bD1Ybbbd4tOvC0kwaeJ7N4xrI=":{"valueMac":{"type":"Buffer","data":"hrPBr93+mDMh0Ccgy8EF8ppUedpLxW4vFA/wfIzyGzw="}},"mLCEcdK36Z9JcKKxZrWbVCWCTXUMJZ5RtbQlmmoBvTU=":{"valueMac":{"type":"Buffer","data":"EDwRk9zT1EdAaOcElVsbflSVkvD5+zrAEKeXo9xgNyY="}},"pID6o6DnKapSZUp3nsj1KhnAM+5p+JpueyHGQ+Tt+WE=":{"valueMac":{"type":"Buffer","data":"wLgshs47t5TxMHjmepq6xfJw1j/F8jdeeK3axjmueIw="}},"prrsKjeyY6KEzHAlm7HK4z6gNp/6OSt+tAOa/nCeYQs=":{"valueMac":{"type":"Buffer","data":"Seul+ncJTRP83SZSpL6l/A57haEjNslqYQGXR6EwAU8="}},"rFpA+Q3F2650LWGL7npsrNDTR4v4bRLwR9NeBOz+chs=":{"valueMac":{"type":"Buffer","data":"iOsFETjpKFV6AsnOQXW16ciXE/XTuYR0zhWlG2/dcQI="}},"r0QaB2NxXnobMDDHH1GiXwCoYtzyj/DNFQoYbgC0DG0=":{"valueMac":{"type":"Buffer","data":"vJwbMZFdzoXYZ3x00XhZuo0iy4EkHYxEX45DxkecbJM="}},"sqrSCqzz01J3WC82hSpmrY9hRf2icFF9p7JjLz4LxlQ=":{"valueMac":{"type":"Buffer","data":"Iwc32PeOujEffiUr++2adt2TNaH+eukH+CduOQ4+kIA="}},"vKrrdVEVZV+syjL4MZUy/MRbsKV7vSQRd+/bS40jQUI=":{"valueMac":{"type":"Buffer","data":"eu26rNl1uYVv3WCSAs2dc9uOqDesrPhnjrUMDFgd2YI="}},"vTEgUe3xO2zVmIPBgeeEcVfHU46x2Jh4Xb4VwzU2Nik=":{"valueMac":{"type":"Buffer","data":"yvUjt64fBJsSSJ/We8RIw29ShzRlBTmVGBFrw1Wjf4c="}},"vVg7SknxuXqfuyP889MrI/Fgp3uER00DfJQUMNEbn+A=":{"valueMac":{"type":"Buffer","data":"ss0b8bNv5u+AMTnefEVqh4iuB4xpgzn2GusC8jCj1pY="}},"wq3Gyuwrycm0JzZz0QQW0kzLS6CpQHWY+pSvc3tatjI=":{"valueMac":{"type":"Buffer","data":"MTMov3pAOHnY6wFoD6Wk56GZMhwvz3DCwUf5zHp+9vQ="}},"y2OsKWyvrfkO7TeUFsBpN91OxcT+MJHnMhGRY/5VZi0=":{"valueMac":{"type":"Buffer","data":"J9nLZpFbBvhucoH/imy6mCh2brW3HvaCyqaUCSZ5jsc="}},"0G0GHvieyczDUhLRiIZXWeKK6QgcLkDEYWiWV1uJ0jU=":{"valueMac":{"type":"Buffer","data":"h78DQMFU4U7n8r8Ff8qC1bUa6I9R0zsJKmrefNsm5JY="}},"0xwmnnDTHNMWfJs6dVS/VAZ5V1EHjy3FJcUypkOSpqs=":{"valueMac":{"type":"Buffer","data":"c/4AfBj3jUIJbRfcd2bxMI2MrlnsZl+v+55xf6lhc74="}},"2K/eb/fjXC+M2F02RqdI3NW6TKSeSCxvozFbK/322Bg=":{"valueMac":{"type":"Buffer","data":"ue7DcH0oI7eJYHwvQhpk8c0zR72dQaQ6d3d1IHluvms="}},"2Zhcp28BzbYbdpSs0mFjbJPLYFgW0fqA+evNAK6MfQI=":{"valueMac":{"type":"Buffer","data":"ooS/H85qECqzu3cEBiafPSMiNf33BM+Sk75oPbyiyIc="}},"2vZ1jwy0oAqVmNTL5tifZwOfqAIrCheJMTtKOX3ubGg=":{"valueMac":{"type":"Buffer","data":"TWSv9h9pyRm7Z34dAlqwp/CkUmC02VpSuo+0sHjxz1c="}},"211pi4p7rHEeyd6T7qG5JQIt9/SxxxoD15YX6W164OQ=":{"valueMac":{"type":"Buffer","data":"R7revvI+IWJMe3T2Pz0jZUVMUlhTJsTQwWvjIex//Es="}},"27wjMKpjFP7ojw2NhcYk9+3FIGCxh3COii2d2HDrUEQ=":{"valueMac":{"type":"Buffer","data":"AixnDrAkqH65htMnxFQLnTwPcaU9YgjoMftfsX9otMs="}},"29HwUfldsfb8a8fcTSm+yqwpbfB2RyZ49DLRdZpRUe0=":{"valueMac":{"type":"Buffer","data":"mp1u2TmBLYb1ruuqZh8lTRKnDbCfK/SEtNh1YxFN9e4="}},"3zxISjP8cTVC2qNh0le7T8lYcvEbDuFOGfB8s36PifQ=":{"valueMac":{"type":"Buffer","data":"qE9/ZUqzj07lDn90EbewOALltmQcmUuucvElIDEGwyw="}},"4IBzz6HZTu1+YYGr1N40mgD7/9W3CAS5ffJ7DHuWCms=":{"valueMac":{"type":"Buffer","data":"O+1RA+P9wuEFhe7QUF0vzBCWD3lAjJLINK561LRQ1jA="}},"5NhaulC+P8mSUWYQ0QABDOeg74b851rftip/69+4qEc=":{"valueMac":{"type":"Buffer","data":"w3ZeZbRTqm7hzArvZ5MrlDyBTDKyrtzfGKuJDxG40kw="}},"5+TbBABNQTXULkVPMQk4aHaZuJmTUAy109Am1ppPCQk=":{"valueMac":{"type":"Buffer","data":"dbM8zODfUuto69TkTuzJlzBLHP0cuPotfooRWZmx0/0="}},"7/oWi5dPKj2QccfL11BXIG8gx2g/VXkGp/6fBAR9hTU=":{"valueMac":{"type":"Buffer","data":"8yQK5dLl5rFhi2rQWw2mt6XEUVPwJ5LPt0GxkJbv6uU="}},"98qWwHeNTor53jfYiKKHAlKEkS3irWBaoLBYrB6Dsgk=":{"valueMac":{"type":"Buffer","data":"Uv60HVfDDGfDZr1uMQw4QOa3bkeVWOEJYt6ud00cXSc="}},"+mnKc0eEr18S61yugyTADzWjaBvkKs6/dhIs0k/9cHg=":{"valueMac":{"type":"Buffer","data":"qF93PqmDAL3NRrrBz2lWjuynpKyYE7TDbsecddBFnYw="}},"yivtfhadoSIakdYiDG0Em816Vlwzh5tZXIHPFK2yVok=":{"valueMac":{"type":"Buffer","data":"dRvrNAkmTfhdG3dvuMQcpjzVQZ3iGsvonZ9EvZCvSNs="}},"jyuSeAMd1A1bFPQaS4liodPgGkqBTEuSHwduMHoFfYY=":{"valueMac":{"type":"Buffer","data":"Pg8W1Da4kneY/l7hxdCsgdzlKUr5ll/0seoHwLVIoP8="}},"04yu1A5sMtXdg09ilIPuwenRMKncUPqnNsUn7uyb8UE=":{"valueMac":{"type":"Buffer","data":"7DUIWgElnf9IwrFVZqvoPxYxKvbozvz62rN88Kg83ck="}},"Dt/wpcjI5JwKYdhfPAtg8iupg721qh8SLv1+r7pLjrw=":{"valueMac":{"type":"Buffer","data":"CRwghHFAc3hfotTPqWB5wjxo4t9/XfG/6frLrU7jeZY="}},"7cAyC7D6NbTvzk3LmAIaXVeG6oATJWwZjRdwClwnCIY=":{"valueMac":{"type":"Buffer","data":"7wDcW5BNHHPy6H6YpJH/ey+LfRB2UcGlpP6BvvApF94="}},"zN2DcbqfXUTfjNJh/KD7pFomYqokceJoqZaovOgkKC0=":{"valueMac":{"type":"Buffer","data":"lrxgIrErAUHgHJxilrAnG1Of9DuuVniJB4YNjqUKhVU="}}}}