{"version":291,"hash":{"type":"Buffer","data":"uQa8NHTAQpxr/uw2Fvan+YgR5anJtyLenLdqQ/tu0P0geRZOVV6a5ZeOAhucDYhVG2V5gDKcJLxzKrjdHXK7EpDjJy6ywXEUvPocBoJuOfaDa5ZJ5ToX5HqFmvkeAKE5V070+3P04ITiXLtwPzGh2kv9XBxhJMwLJcOLCQdppfU="},"indexValueMap":{"AM/QnCGEK6raXHBZiXDDN+PGMuwmV97k94dQ3v1ZKpU=":{"valueMac":{"type":"Buffer","data":"3NSVutCYR5Dtt+UCJJpy2/hgVT1zJoAB2ClGScuFEmQ="}},"AUuabSxglQeTQV44/JPfnRfeccZ43maVwoL5SJRAeVQ=":{"valueMac":{"type":"Buffer","data":"3yJPXjEAfrn/yYoLlT7wFAmYuVL3pK21gpk/UoiZnSA="}},"AjQTElk74+7lSIcWOYE6xDJ4EjTQJFgV3N1Fn7pn+/U=":{"valueMac":{"type":"Buffer","data":"uT3UFZLd2G011zxMsUIigfloj4AP3CC+SYkdXVpZXk4="}},"ApyjsLYZIWSsDHdml41A5s3YA4oGcpymIqlgdJGMPZQ=":{"valueMac":{"type":"Buffer","data":"W6nw7+fJMXDVUoPTloH5NntWrMiVtZFLTw6NMeeh3c4="}},"ArFrXKPcV4FIehThaynIbk9STZhubKremeTVjeidiO8=":{"valueMac":{"type":"Buffer","data":"YMh22+HWLaTBAPSUcd6V4gkbddlnzy3SrBARHJi7Hwk="}},"AyWA/88nT74KhQ8P8OG/rdt3Jhroyf2WyUWgkDi5RVY=":{"valueMac":{"type":"Buffer","data":"lJC1IUgDnUmMkFJZ0ekjqMy8Ho4Y5zUVFVcIIih3XZY="}},"A0zPMK8kbg937WTXLIw+M5cvdCpeE0tpTNdm3VinKok=":{"valueMac":{"type":"Buffer","data":"YVvYEj7LSI93PdcP3E4Us/SxTTTYrmex+t+PkeUi/a8="}},"A25YG2WKjjBpkH4cxWvJE0MGfvDevdTH1o0lmq8kveo=":{"valueMac":{"type":"Buffer","data":"tpBpPTygm8SqOuS1fjDpVuZuJDnRhQ55BVGc+DRxcZk="}},"A5Xd3/OnBp2dMQG/6pwL3SS1IbDBM/DJ+2BWMlFFNpc=":{"valueMac":{"type":"Buffer","data":"dKCcVYWJe6syxBjFUQk4juZagR7YZuGWdgwBLNkVMf8="}},"BHzs0xDQE8YX5ZKqDDPWXt/lI2lKIJDvpixa5WqoNSk=":{"valueMac":{"type":"Buffer","data":"yze9GgCyupWiM2PgSbryW9WHaeEGyYIigRBH9cweqOw="}},"BpmK8epBQ8fKkFgy4HIfRePY9AHo5Y4vLsa1zrbEW+w=":{"valueMac":{"type":"Buffer","data":"SSlc5xbtZJxbklhgcfV8JUagStpZOKaMJZrNQCAZW5o="}},"B3sWvasRbc9sJl4n8dhVYmPcSU+A10c1uw1uGu9pf1I=":{"valueMac":{"type":"Buffer","data":"8wIJWtTCOdpQCwfXr3Rh1yt3T5A/0DQqc6J9AjEtl/A="}},"B7neHuzWabryYhp7Y2LIDQRK0pUcsAD5ckMXtvtRCGE=":{"valueMac":{"type":"Buffer","data":"hp4t483Hn185zHv5RU95DxQ3dDaMdEWFyt6sKz1Pf64="}},"CES79DhF2tZHytjTZDfiz85r+W2gwWJ8Lq/Cz8GIAVg=":{"valueMac":{"type":"Buffer","data":"9ekzvHoPnVWDLVqBZwD82y69/OxMTApQgjaeLn5YFqE="}},"CFYrUawG0CQCb+FMG32OdQu3ofdVdMQ8q6K+oLY3Tao=":{"valueMac":{"type":"Buffer","data":"Qa3+pTsTXSXGta1U4j/nQ4BYvWDV94ONFWUvoI60hdw="}},"CGq90qWI9BgvfFXFeZp+bW0hfTv0DyfLFjylplPz1i8=":{"valueMac":{"type":"Buffer","data":"SE7yAizpczL+5e4eDranUQPxXy2nvflDmpsDypJdUiQ="}},"CICBzGOoJQ0qZKZU4dPQENFntUOj8og6srV1yKA/iTU=":{"valueMac":{"type":"Buffer","data":"j6XylJXSVTrfL/oX/9b6ekzZllmMyu/2rjfUtBfOwv0="}},"CZLN1QunmVZwpLPIWuax2URrLfKMF0DOc+XPSXZn+JA=":{"valueMac":{"type":"Buffer","data":"gfWOXzfOrRnXkIRy1dHFAjsH4PPjihz6uKSPTnv8bIk="}},"CaeLfRaN2bC8z/42OvSFD2twN2z8cT4nsYdP9mLL2NY=":{"valueMac":{"type":"Buffer","data":"VbkLMB3dgQHpM+WTcB8klcHON+n5e3YYYDcY3gpNKGU="}},"Cgw+5Xt++7if9BXxqrwJKPLfuaCX6xkvCFpXUNBS8mA=":{"valueMac":{"type":"Buffer","data":"YkJhGBTzrZamxktGuifgueA6ZYeKYHwCnPnzAuj9IZc="}},"CiYWi5oofEI22tDr4KVS6zLhBbrKiEu9Dk+XAzuv9Lk=":{"valueMac":{"type":"Buffer","data":"JcK1+bXLVlN5OrjQ29uSPA09aLkHiIWpcb/owZeDcMQ="}},"ClxtnWgqdJn7yiNGnxJMQdjqWdIfuSb0k63j/vkcDXs=":{"valueMac":{"type":"Buffer","data":"7jDOpo1f8O1m5NwY6e4Ydm2cHG0sGRj6aG3XtKd9SWE="}},"Cl0p0Lu2mrBjkduKHUs93lD6MobJ83YhcT/rPZSoZS8=":{"valueMac":{"type":"Buffer","data":"3oFSzYMHwRdePVMTI5dga8+QkDKDnQWg0yF0p5otdq0="}},"DelktY/575dEKbnpZP/1ruye/YBMZ16VJ8H9m6OOpgo=":{"valueMac":{"type":"Buffer","data":"KN2M0Fh0fj0zfNfQVoKCYD9kAxg2G2S1N5BhKrgFyus="}},"DgJdyi21Gob4zoOKEUdTDzQxU25/vmyXEzJD5ZdawjI=":{"valueMac":{"type":"Buffer","data":"bTBMJ85NVRD2atkv4TpnI44qLEf9BWtBNyP2uLhfIQ4="}},"D5X463ql78EfBOR+qjd+gXqvvJVWfTxt1hf2FFCAPhc=":{"valueMac":{"type":"Buffer","data":"Vsk14bB7bFIA/xfhv7FHA8HltsH0RKJKoEcZJoANFe8="}},"D9z3jzdCbMRby6sleS7GCTK2/PJSB4p2qZ0vuQ2c1z8=":{"valueMac":{"type":"Buffer","data":"GXPeAo+7datu77d6N1SPDThbdU0zykO5tRmufotEIZE="}},"EBMi2keTp66H0eziyH/pzYxobzw/PQZ3N2r0yIFLv9Y=":{"valueMac":{"type":"Buffer","data":"H22JV3iOLsMm4ih7IDGgZ1ViaF++cRSxaBn+xUhfOrU="}},"EKMjxd/mWXglFWwTVpl9SPjRchYmWA3OQnbWiSsMWCs=":{"valueMac":{"type":"Buffer","data":"A+7x7ckSwCP7BpZWg5I1rDGuZ6TV71tlx2fINg8tLtM="}},"Efw8zNsWNoc96+dfcOzkJ0I1U156sNQYfxd3TPEOasw=":{"valueMac":{"type":"Buffer","data":"Uo7/V4TvwZqulzA7WNPcFzDvYsC/j864JBth3yQ2p20="}},"Epzku6MY4TG2l+3qR+3t1ZM79lgBnv4yZtrYY1r3FGE=":{"valueMac":{"type":"Buffer","data":"8QhODmPfNCpa7RoXP4QAZIuT59wOLUw8bGolIODoeoQ="}},"FcDtO3/cdV5hXjtdTKW9r6EcFUzwvjqNjtXRsdLXcII=":{"valueMac":{"type":"Buffer","data":"vsUrXmDnf51O4XZx2L6zWKlubsP4LYypzvgO0Js+AaE="}},"FmkLSCtpdaJRYSjECY1Ng5DYJlvd4iwxdp2y8wiPMs4=":{"valueMac":{"type":"Buffer","data":"q712PK/HCL8zgGv5jb62BEhihYYu5WcXwvwx1B+wJq4="}},"Fvt9zq/bipUzA6yvQaF3L8l31pLHPFIPK5ByGiMICVs=":{"valueMac":{"type":"Buffer","data":"3CLkFkaAJ8UsnPEdex262OuTr8fhKIuhCz9n3ZaVQ8o="}},"F0lp2Es0+oOjejr2AH1OOMssmCAZNKte24TuGoHwaOI=":{"valueMac":{"type":"Buffer","data":"/92BltjiqOg2AqY2BZciFrHnMEBLRJ/4ogfqU4S6JoM="}},"GIgRCyvA06P4+Tll29psYEUq8VXbmf8UiAzfoXjfHpE=":{"valueMac":{"type":"Buffer","data":"5D/4p0r1MpKrOanDYXsJMoKRhB9VQQ1BiTC41n+W2Pc="}},"GKnOSTEsYKp7kGkw+V040ZY7HcRiE2B6OGIZNM3Aphg=":{"valueMac":{"type":"Buffer","data":"xt7DMlY6cWwZQlaUVcBgOpV37si5RYQaSgmwWRrEQG4="}},"GqaPUbSxX67YrJwsyvJ+yNmyHp33l4gRwn4yxoVfy7k=":{"valueMac":{"type":"Buffer","data":"M9P1fpT9TiR5UV/HBLvC4FPlvNdF0DhWN6wWreWv2QE="}},"Gsa9SGiZnfTmWu+isXlBiam8oDUS1Emn2KvsEldhnYE=":{"valueMac":{"type":"Buffer","data":"wGn5BHQHVWVQh/qDzlWG3J6pOvmVRDRfsH7dcRHT86I="}},"Gs0p0V74K1i0fKayJMwSjm1sx2Da4bgmWWG6OHPFUp8=":{"valueMac":{"type":"Buffer","data":"L862fTaU97/yO82MZoo1rf4lUFH5mGHfWKYbxHU8eZs="}},"GvL4NXq+yNFhVdSJFfJr+f+HJMwGBuvaBsDg+PLwJCE=":{"valueMac":{"type":"Buffer","data":"/8Y6hl+hcXI+TOaRT2SILxGlfiAHetB5NHMzczdHTpo="}},"HFnNtNfV7mf9ZdUq5dJ8gGfKJZQ9hoStSa7pIMCK2A8=":{"valueMac":{"type":"Buffer","data":"qIn09vHG4ugs6bJ8sgtpAtZgrmG2RNI6sQ8WuYK0HY4="}},"HaM8Y4GYWjziV1FPwU3EIrOYjU5KGvoTK6EeltR7OtE=":{"valueMac":{"type":"Buffer","data":"NGblLaupkX3gYil6uMNPSZ4u5kqx5eanRQSLH/QxlSg="}},"HtRgjIqU1J6D87HsJNGMmmi1P5Orx+fF0rErEO+JMkA=":{"valueMac":{"type":"Buffer","data":"S50RbU6NRAuov3vtX0oKoAQ6NdohTGiBem6WVfE0tOA="}},"HxTXLo1zr5PYmsp2473gfmEVhzJoI7dc46oBPMFVwMA=":{"valueMac":{"type":"Buffer","data":"61GIDmBL5eDbQqxdCYYgbVxo+P1rS93FNOBMZyMiaMI="}},"IA7SWf1M4SxK67YAB66fgChVnJzEVshGkgV2NxyVXxI=":{"valueMac":{"type":"Buffer","data":"UVxi42KhmWKRVYG0apYXbKjvorq15t8PxyJ/QGp8PDQ="}},"ICAt5o/60LdRaK3ABwevIdmzK0gXEtzgLbiGuPDHDFE=":{"valueMac":{"type":"Buffer","data":"JHyN9Usqg5X5746iXXCltiOM8h8nkGa/D412bN/oxsU="}},"IPhEFWh1GeQ+Eiq9udHgcIQTiZox90gVz5zklKOnGfI=":{"valueMac":{"type":"Buffer","data":"2tzwZyLiXWjbuW/9+geaaA3xHMPQukmdmGJZO83nOJw="}},"IjUX5aE3xxFztYk8KjOXnrb/USIQyjBMkqqaJY/AWWw=":{"valueMac":{"type":"Buffer","data":"nbPQ+LUfn8mjUldt/KPKmh5SziCCzOVdyxo1VRTz9aU="}},"IkwmSokR/6+v5LhovvtH5rRtZViaHmGFD/cAbueTQmo=":{"valueMac":{"type":"Buffer","data":"yby8sF9gnO3vADO/8+ZbF4lEUaPyG3khpIljYlaJ8BQ="}},"ImNM61CTVXSm4KBVrFEpMu9Ti6e4oHWmVkUsadTBnBg=":{"valueMac":{"type":"Buffer","data":"B7c6FOIVTJQFFSgisdhy9JzpOHEKvWEkTsVjCaTqq0s="}},"IxVRMZDsEcfgeLi5yLHBZf9FBfHSb0xzMj8ruJu1kPQ=":{"valueMac":{"type":"Buffer","data":"iw/5eHB14OrYVBfwwmSh+4YpXroX9uATuTZ0ZbJX0UE="}},"JUzRRXeqm58Mx/6qOvv96nM/Mv7hzWW4JlCMmSoZY5c=":{"valueMac":{"type":"Buffer","data":"+lgjsscQ5ei4Jtjo27xk+KYS0v9UXgDJ89AmvQc962A="}},"Jcmp2RNM5ACxO2SmIb/G5mrWRReK/Cniy4LJ5sqWdaU=":{"valueMac":{"type":"Buffer","data":"MdOogC6FTitibBpdPzlWS6nULp+Ul93iQO9cF0C+KfM="}},"Jg4wHeIOLllnC6mQvOLChy/qG8c2oAJNg2pYaXDF+bw=":{"valueMac":{"type":"Buffer","data":"WBPsyDIabRJMw3sJu8tjXk8qZOxE/pwDmKoph6YWbL0="}},"J0sDH4/CQyjU1DyMqmJrQeBd0jIquD4xfmGL3BLGGyk=":{"valueMac":{"type":"Buffer","data":"s+tjRMdz/fnGhf7EYiskX1CMhP6OrZpdjnhW/Ee4uIw="}},"J1qbLY0IixC00rAY63bl3AREWdjSErLfjrnwzsUkU9w=":{"valueMac":{"type":"Buffer","data":"KY/ZKM0yDJ8Xe9RqgoE6MZ0UuzEXp7MfuPUZdhISbJ8="}},"KD/rfHmLDwxN2yKyEI1/Esujemq6P9pGpWDbXMdR9HA=":{"valueMac":{"type":"Buffer","data":"GiduoZWcgLZomaInD349AC+kX2syq5b2ETWFZIXMXJI="}},"KFkRa+VUufUubbJJUbgUn/hYxfKfflNd9yT9VMl69Kg=":{"valueMac":{"type":"Buffer","data":"57dkrR0O1kxeJyaYA4Tpb1Uun/ABKWJuZdRsAocVrLY="}},"KL7yEBG3lHv8mgzbiT4a37pIftHleHq3S6ux8QIomUI=":{"valueMac":{"type":"Buffer","data":"fIZZI8XrN0f5jTIlb/Iq7Fow0i9J4Sh8iwkq5O5I+MY="}},"KWSewOor6H1wRfmoG2P4oe1EftlrKt+oowALp7kjSag=":{"valueMac":{"type":"Buffer","data":"OyB8gT4Av292aJALpVerNXV6ZZFUxuUuTftMUHces2o="}},"KWebxdidg6QVcwZWnk0t56Gtg+VxLgub/BLmZbofjiY=":{"valueMac":{"type":"Buffer","data":"L/801ZIoCT+7u5CKmoaYViaj6MYuqX6GtVrPdRRaOeQ="}},"Kq3usW1Gj9Xwo363ILivnvwmNXFDpfWusJWAtkvKumM=":{"valueMac":{"type":"Buffer","data":"ulghiyDIX4s0BgIMcwp5ur8buTW6XqKO8kpQ1k0wRqQ="}},"K1BvHk23TPEarDhkQ8hVz121ngJ6Mx92jjoS+nZtrOg=":{"valueMac":{"type":"Buffer","data":"GkLRtS6ZkMZ3EwjYQygNAiVtJieOcS8tg3NJ6pNmXSY="}},"K86hvf1lhpj3+X5JzCAC3HAnh29rBtLZySVIRoDHtl8=":{"valueMac":{"type":"Buffer","data":"YV5nLD1O0ii2WwNKP/eb/1jA8q8M2sMyhF69i2QXRps="}},"LJrEha65hVjxveZVykPylabWaQK74QZAG9T044EXKGY=":{"valueMac":{"type":"Buffer","data":"9IEunXIofF7l1IzzyJeeKClpjAGzefr6LegDMginagM="}},"LOUNd5mMJKQ5qSth8+3O1ZazSRan/XUSJN1oOjL4rW4=":{"valueMac":{"type":"Buffer","data":"QfOL5TAZ3o/7nQQLTAPCo04CYKX0B5Dc4SuMXhNQxG0="}},"LV74E7vH8cBrbUYZhYs8MmNDvFZcvlZjVQEqr/1xXXc=":{"valueMac":{"type":"Buffer","data":"WGwY5mRmyrmgRF5wFXsXPVwq7vs1hU88DPbVv1HLg6Y="}},"LaZ2Vms6Syqa+5h0gkM71lMZM9wMcdvv6msZFHEQq1s=":{"valueMac":{"type":"Buffer","data":"hFq5SVJCRPGfEzBqyFatbAyfNhFI/PZ4pZKH9H4wCSg="}},"La6YbSkZ4mtu0JGMhHLQ0HZGvIEr3evWzBrLo8Mwc3A=":{"valueMac":{"type":"Buffer","data":"u0Wb+1l5owKunjUGwa6ZFgAabjfaCyrM6mBRGZbeE8s="}},"L5r9T0+GLDe/W/HhMU+ixyZKGtpEQLOT7VGiBtPa93M=":{"valueMac":{"type":"Buffer","data":"k4AjkNoudCVx3XPbhiEreqe1Fla9GSxJal3eBvNy+GM="}},"MO9Go1R204osq21ZiaVsV6t7Fl6O9MPeUryBZ0Osjug=":{"valueMac":{"type":"Buffer","data":"ARBGL+XpVsBZ25Y77T0luf2kvJdA95dvQuH7OOMSk+o="}},"MSaCfKuIPmt7iTZkkE24miYgHlG/otld8f0CTaQZnB0=":{"valueMac":{"type":"Buffer","data":"6AytfCv4cFH718vCKJrnT7Eo3k8ze1MB5DlwvvXUuk4="}},"Md9yaGZwY0nbr21kOGjMu+2waIYNcpoVuhr0TFp4L8w=":{"valueMac":{"type":"Buffer","data":"Ur1AN2Tkbw2CaELoDwKr1k7Yh8Ig+wkDH9UrJf8/xJg="}},"MwRUI0vlI4phVUCG615O2WlOO8Vj+gEWpw/sED1AcpU=":{"valueMac":{"type":"Buffer","data":"AkST+g0kVhHyRWSqSrOzKRW4Yeewi53vcZv2OzUtFpY="}},"NKl6omn0Uc68IFAxLNtfhrDLZ5tlvPxXOZy29i+EVtA=":{"valueMac":{"type":"Buffer","data":"8TYUnNQN8G1lhGvvvj+hLP7wT2hodYHnlg4KSnD682E="}},"NqqNFzSIVJ+OlvnQ7MNPxBcy0K3Mw+Xx7qtXVx5Xpu0=":{"valueMac":{"type":"Buffer","data":"YamfMIvpsqLQAFhHzREdC6y6xgqiZZJe1VHPqkMGTx8="}},"N+i7Rs5umG2a2A/II3zaeADRX/SUeZKIsmZrNgapCpM=":{"valueMac":{"type":"Buffer","data":"7XehSJ+y4JcUUDmypLJ3tqEZd37iQgz4aAIZLrczD3U="}},"Odx9BJqyUgUomLd6kyAlhkC+PXn8StPGLhJqRJFYADk=":{"valueMac":{"type":"Buffer","data":"wBERJ1mEiZwKpmFMaT17//+EpYSn6v8FigyTD2UzCnU="}},"Oj0DkY56mHSNMLmua1OP+omxFVU4tjW6V6xrgiLhjZs=":{"valueMac":{"type":"Buffer","data":"abI5vAQeNbHup0M2Vu4qtWsWQMI6GumVS27B/fDzaFs="}},"OmTEWsTv9djZYHfgWDZXnzppPKBd06kdOqaLYig0BBk=":{"valueMac":{"type":"Buffer","data":"pRtt4r8UjrvOb5qdAqVDoTjPyZLlMBWJNvD+UTvVjJU="}},"O4YCVdTH6YmG4pAb2p7R8DbfWqTnn4KIQngDeBkPbF4=":{"valueMac":{"type":"Buffer","data":"T4LOKmjRC/Fo2CyJB7SaY8+RS3HWcWXyImTc3ZM6lmM="}},"O6BxXJ4c7wD5kPkhglChe9/Eh3nc78L+9JyjO4vwx0I=":{"valueMac":{"type":"Buffer","data":"hXWgCLFDdRVXQPdyGNfHEnSSZ1clY1nOqOnyNjIDytg="}},"PFaN5pMZlclGrXZMUaegweIttXPA/WJZNiTNMiKAARc=":{"valueMac":{"type":"Buffer","data":"QqhbM3qhd+lsSI8HLs1MyvsMTR1xR3vrDCCtzS8QutM="}},"PT6srqREkrPTH7Qesc/MFYUj9gujOcghuI7LwjnaWzw=":{"valueMac":{"type":"Buffer","data":"Hy4Fy5+9xAWoxfa62jx+HvGDHyHvm8BkOg7sM2JS/m8="}},"PX8F6dJqydlE4+Ln1924I7V3/AjTm6tFyZthy3c3Md4=":{"valueMac":{"type":"Buffer","data":"GfAUflvzFCPju3UIZ2uT++ITI/P3X8xh4mVfkgHMWkc="}},"P4BHFdRByisnPGy0rLsMLcvSPlmrm74/TmsujP5fXNs=":{"valueMac":{"type":"Buffer","data":"cYp04sLcykctHfFjOhyLXkQOXZ9herxuSxBr/N4R1bc="}},"P92zbLjg7ekcEZgSL8NHHnUtIfcLoBkV8tdCTfjjm60=":{"valueMac":{"type":"Buffer","data":"aqnyFqc6FoKhzRHGNWaXb27SAIj15AjRKIjTeNfSWbA="}},"QBfWjEDf2IKHuIzdypNs4vEh/eArimPFIBQDBKW8B+U=":{"valueMac":{"type":"Buffer","data":"sTY5qJyHo9bCqSK2/sK980O/AhxBBVw3owuxrnzLlDY="}},"QDSoMmnB5U8m3JBSbBu1MaYe4mMHWOvUO5W1w2FTQxk=":{"valueMac":{"type":"Buffer","data":"A+kuMe9cXfSf4beNwly6P0bcX0vTooYV+n5Kg2vnBZE="}},"QD6DAETaD/MQrBvFZZa602UTVlIxhPVS7g/anP91vXc=":{"valueMac":{"type":"Buffer","data":"Z/VqAl4nMfoyALYCgSK3Z36rxcae4W+A57Fpe2y3DfA="}},"Qky/qH5/9w6w5UqxfQx/NrxOwL4W2A93Vvr20J0FCbY=":{"valueMac":{"type":"Buffer","data":"WSWOiwtHaKMTXzPPH5FbSdA3J0B8u4q90eZ4QSnw8og="}},"Qma3z4Yl0ccScDxTZJalNJT2eM/WxiofKNaz4JoUPXo=":{"valueMac":{"type":"Buffer","data":"IkWG5rqHd4zy+t6IxwJVzKRjb04Rx+jLKzqdH1MstnE="}},"RG7Y4DcBypvn6Pl9FasMBA5QLkMfMTEeRTibILnPIvA=":{"valueMac":{"type":"Buffer","data":"yHuVS7rIUSnRRhXvWgFSn+C8svKNM/s80GPwQC0Prps="}},"RYL4rqvANJQLHTj9TDUEZje/1YDkOa8vjgpuIJ/coEU=":{"valueMac":{"type":"Buffer","data":"PxHV5R/YcTUUmLil5pRdjY3tPd6I2BpTOSjMz3pm9Nw="}},"RaTdyZENkny5Wurj5L5k1rbAYmORP77r7+b6NvU3suw=":{"valueMac":{"type":"Buffer","data":"+iV1HNjE4MGrXEaDOPGHUSAVFv+kwTzSNo5VaPPInJ0="}},"RadotPfXMCGF62DNo/BsttgssOYYDDQrfMu3BoPCNas=":{"valueMac":{"type":"Buffer","data":"YHvPm+MpIOnC76qMjnsLp2mzE3R7E6Uc059fy/3s+Yo="}},"RnD1n8kaJQWhFVlWKU1dC93do0x1oTk7saRG2aFHwzM=":{"valueMac":{"type":"Buffer","data":"IF/lkzZcTatHx+q5eFp6ku+gYDfxe4XoXKL7KvgWWxU="}},"RyjTmUp8zSTnTpLj04ojCIXGtZ3gcviYxJIZnxi2di8=":{"valueMac":{"type":"Buffer","data":"ngnPp6/7VYtoliZZBklpDC3GQswDcmklS/YxRktq5jg="}},"Rzz9XBXZo42KIKrjP76Uypi3dNryz8SufLXgJUy4isI=":{"valueMac":{"type":"Buffer","data":"AK3V8lkNKil7b5IppTRLL0k5xp50cMUbeWocQXHF754="}},"R02BHsgfSllrJ4Se3kIGAcudgoArtUpD31LzGA+6V7Q=":{"valueMac":{"type":"Buffer","data":"RXfmjuIaVxWNSf/p34++jPeD8OW/OyEWUrHFgInWOo0="}},"R09CT+io1Z2KcqcU8ZbgyLop+RZsHj1a27wwOdiAHpc=":{"valueMac":{"type":"Buffer","data":"Hs8H7tO3Lyq62bZilzw13XzQwg4a8J7ZPwcExG3AuFE="}},"STMleQwdtjMeguJwbZLvNmkfvZwpG0pGf24l72XaBRk=":{"valueMac":{"type":"Buffer","data":"5kUhJpz7DZ6PcW4eDa36clORdan6sCYyk/9JyM1Cvqc="}},"SjWPRjMTc6HJ7PLKml+gbr/mfY1DhY3KHZyQeYT+kfI=":{"valueMac":{"type":"Buffer","data":"5MIaZmyw46vQzmCH4oT19dzwso8oFF5Tvia2sqVO1NM="}},"SlDdmC57yBW7kgB9CBY5UgtFHAEWCRYBqWbW0lA12KQ=":{"valueMac":{"type":"Buffer","data":"MymW+JZsrWfv/S7oeDZ8gLXSwwsxdN/nZWqwWTvJZiA="}},"TOLWH3/OacGMSeCj4AzRbYhTNS9Vg0Chrw1Hf0dG0nM=":{"valueMac":{"type":"Buffer","data":"wNQQkrC0BXqC6e+k95r6JfaiaLweJv976GLri4ruL94="}},"TeYuTI47Rf1oYICGU/WGDPVqsZcKfyfY8qOss8Ueiuc=":{"valueMac":{"type":"Buffer","data":"qroNTNgtKmj+Px1FpE5eknNqfrd8SHhBH8cbCpdHlsQ="}},"TifhxiXRxjX98Hc1cLeg5Hva9Tqt9kDpX/44mhtBm+w=":{"valueMac":{"type":"Buffer","data":"uxh2rYGCNbtZKZdi+zr59KLK/IY2SPa+rE6cRDAtmUs="}},"Tp+WRjMSH/x/Rfa3AAQyXayCrzo3yTS0DvvU1q8n5DA=":{"valueMac":{"type":"Buffer","data":"eGY3RFHR6sybTmGf8hKuYE3qbAMd7IGzPAhv5WF3NDw="}},"TqW+jBGFniGUPUTKV1XCTk9YmtJfMgFqLsCcArHDUz4=":{"valueMac":{"type":"Buffer","data":"njOda3ok2VgwmD4uop7lR38+2ksvDz6JgdDdFLprRqQ="}},"TsFzE8BpvydWy1f9aHBwAkldeXWvn+N7mRVJ/myAgAE=":{"valueMac":{"type":"Buffer","data":"dORCjrVGTDWJ7rX2D7UuujG6E88k3QF197fjxiD36JM="}},"T46U93mmuuT991TLNcuO26MAKDM/brMOUiBc4EdFL3I=":{"valueMac":{"type":"Buffer","data":"U9TS91yI8uFMEGT1xgBZSdxBBxYM+UNySxAV4l7Ay94="}},"UEOvhVvYbrHXMAv0eKAQ9+vIWc+4oYTAAiM6aHBegcM=":{"valueMac":{"type":"Buffer","data":"pn8csFVeqetjfoPwLq1iSqrgqXy9QL3MSb9Ik3LXrCY="}},"UNjRmdC2VxeD5gQrl2oXQZt/aOLwQEx3KZMTl5zJeOg=":{"valueMac":{"type":"Buffer","data":"VP9TsQVqiF1gRnhcgrd9qpiEFGDjL2PYiTXSv5/3qqY="}},"UQtGPWe/ot4pj4IwLcXVRmlPW0W+JqbKs/TtkzHxCGU=":{"valueMac":{"type":"Buffer","data":"rZAGh6EyKe4LEK0TgWVQ/eOuyM2do4PxE8C7ARZEXv8="}},"USkM1hVGQHZNzxcOFRXJYM9L/i0u+0IGGk9TsJ1wY+w=":{"valueMac":{"type":"Buffer","data":"QunmAH/BA6+Kxbzj/ova35zP72U3kckqa5OyTfrPSz4="}},"UsWY6rLwd7Gs+NnmyDgk1i3D4JFWyunSY87RTmeOLTw=":{"valueMac":{"type":"Buffer","data":"769a6zAMSa60EOmRHJtVlnW90YzfpES25uXp6yP71wY="}},"UwHOx69n3QYZC31WblwXLAFVj9s4rIAhGq8fVa4af90=":{"valueMac":{"type":"Buffer","data":"9B3VlI0zrxFh6re+dpeaBV4eOHZpwnSCyCpuqvI3CFs="}},"VAO/C8JE4DHUmn/2SqymHnrAinNrUa/HJi57s1LB0TY=":{"valueMac":{"type":"Buffer","data":"1etxZzBqFO/OVsAn4R8p7YqavKmRHgr2uSZ4aRzTg0U="}},"VE6g0PK0smk0PlbDdbGvOI1k7415TL4d32ehlCT+UIQ=":{"valueMac":{"type":"Buffer","data":"X6Qq/FWrkmyX1IgvuVMzF2DHDOo2lFoVF4V0euqrz0o="}},"VF1aTA5HSHjvcbLlmpyp0qwHFOe7zxs3glVPY0cWnWc=":{"valueMac":{"type":"Buffer","data":"wyDFwmjmi+64MaVddTvdTF8wQWxm7bABkFC+sUt0KhM="}},"VHdfz68rm4ry99wbKL4vfVhuj6rMxTxDRi15tEB2Jb4=":{"valueMac":{"type":"Buffer","data":"34aYpqBl/PamCgTn/VcE8b7Z1Xh0ptBre3hW30zChj4="}},"VLLcO68QaW6hxkiPfcEJ0A/LurANSztugpHykWAGzsw=":{"valueMac":{"type":"Buffer","data":"1DsXjfvAFzHzXWPYH35rqGeothjfAsyN3wG5YUUKcjE="}},"VS76D+j0F9lnowpl+fD7y5hQbS6aq1wYCy6lJTm5uSo=":{"valueMac":{"type":"Buffer","data":"wHsteawaOYcwcx4hDk7gXYh1iK/TOX1Hx57JZ4wzolw="}},"VTfL6kyIXoAjk6gBWb63CDVc/nFVBAJ3jDUmMK5zzmo=":{"valueMac":{"type":"Buffer","data":"UnefCivzIvzOcCiRdC71HijIV8kuFy17EEL1/tzNVY4="}},"VVEOYwsrJY2vFirOpZ4Q4DriuQ5fSbn/UMtErxR5YV0=":{"valueMac":{"type":"Buffer","data":"2TKhXtc9iYHipSKJfq1Cy05MnGRFKomH6ZS2Oml6JYU="}},"VVOFK7kW7cQP/sWWiaSmGFqPhTsKamf1DlEXud0L/6U=":{"valueMac":{"type":"Buffer","data":"IHEL7TZdmr+kZvFz7ZANEMi25RPN1bgb2GewWvscINo="}},"VaK7t3O0Hd1yVkJRX0CrmiwAhXv0fDeQPZtHJsGIQe4=":{"valueMac":{"type":"Buffer","data":"3hvreuZQBDMnRX//E4c9Ab/yCACX/F0/gsOM3qjtJCs="}},"VfuwaXr2VDZIrag86SpUeyRJU4XYwaG9KvAp3zAySww=":{"valueMac":{"type":"Buffer","data":"kpsiyDe7vJ3Zqu/A7tefYOO5DuAM6ti8ejozCt5k22U="}},"VsWCe/a8WKifJow4iLDlOfbEE01Rq7CHlz0uB5a14Q4=":{"valueMac":{"type":"Buffer","data":"51IScBU1NZItASUyuORRVWF4iBSvfRzvBDbSN559lis="}},"V37tK2Dlz33fSTO/vk1cTi4/e6xG+LpLkcgeLuDhJZM=":{"valueMac":{"type":"Buffer","data":"LoHRJ5cvAMHcGKmNIvW1QzRlsWsmDOs7upDh7LPafO0="}},"V9+b+51jTMjNtxxzslCnYjEfS1+cR5AwCLipCIyhCic=":{"valueMac":{"type":"Buffer","data":"ROFkCzHgy3xy4lWe7FK/m/Ht+QZvFUA8c8tMWFZUD3w="}},"WF3S/nnE7VktH2iUzhqDpKrFzQbjxmYWTa7B7mgXT6c=":{"valueMac":{"type":"Buffer","data":"DZP2bAU5aTE/IOCWfXq/oQLgYHd8Hmh/f3sSL3VLvOM="}},"WHMpJrhBqsCMkU6gdDedvmxXcY+ebCXPygF3mMvnEYY=":{"valueMac":{"type":"Buffer","data":"O2qevw9EUMHGs/2yUE607VikzLxy+9brtFDr8JOR2AE="}},"WPAwi8jdb7rcU1akWzmOBB/AS4aYKpjeGpKztrStHvY=":{"valueMac":{"type":"Buffer","data":"ZVWbAQdpYe2CZMEkcMiIEyHypOLF/Jukf3gQ7QZvG3c="}},"WUTzoq87GT9hn7W3cUrWTUWOm5+wECp3+4iRtSFEIGs=":{"valueMac":{"type":"Buffer","data":"+V9zVYHei7Wi87fJ1B5Woxfs+dq6//UcKOKGMYe0Rfg="}},"WaQO0ZiD273zSxyRp5CBjGUIu2Hi4maj/KCvsLXue54=":{"valueMac":{"type":"Buffer","data":"Naa2Sewu0lKLVwhRI3Pt41bf8vREVP5U1FTyloxLWYY="}},"XO+2igwplcIrDFPItbNhniq6ESf/bh19QB/QCy/8thc=":{"valueMac":{"type":"Buffer","data":"R2t/P9vkXf08+cX0bDia4bBU76YsltluDGRVNMAqyes="}},"XPEE7tgIaQtA9blzHLcUW8rC+VV806EC2hn3KE0TArs=":{"valueMac":{"type":"Buffer","data":"fSWlhL3UBlNB7EyFjVBtiQjyGg6pUeetqJP+cFG3VRI="}},"XdK0ZTGRiphLxbxctrs9rL8ggNEJkiLAAsXOngC6ME0=":{"valueMac":{"type":"Buffer","data":"zE4dM1jiew1y38bk0HwwekmO/Ca6OVMCTF9VcTVw3y0="}},"XiJnU0FrCw59RW2UIkcQ6UINAb8m0Otax+q2FNinku0=":{"valueMac":{"type":"Buffer","data":"NcRjPXa1H8blS8gc4WbYAvQ+jY5yiJ5utxqnABRc040="}},"XizuUi2DV6AUmnb1DSrsmN2Dn/TEOi7S4+5JCRdWKgk=":{"valueMac":{"type":"Buffer","data":"VRzCti8JVvubzMYkEuKybnzYM/YqVTAFoswRXkt05lA="}},"XmuF/MaJbJGvjl/m3gwzeSp2ZOaN/HXOo9+JmCE/S8Y=":{"valueMac":{"type":"Buffer","data":"A87M0T4yGe7Q8F3gnYAx7TQqsB6JLDfIBHsCE7OQ4uE="}},"Xvg1QFy2DuvQKmvA/esReKcVPS6vb96vVrZ5Q7wt6Is=":{"valueMac":{"type":"Buffer","data":"p0EcTvPuMWyNUa8WQXHRN++q/VWvm+UhxE93rF+CD3c="}},"YGR26oRdldByz/MGor97ZKjpLSlvub6rQUZOASNJpyk=":{"valueMac":{"type":"Buffer","data":"8FaRWMetLcChi0gekvjyJbQaplH4kQGTHMCRkLIEY1c="}},"YIV4EPGRCuZdx2X+H6TUcJLZ/BpI/LF96wL/86Vqwso=":{"valueMac":{"type":"Buffer","data":"RnD03KTdZh/MIT9yc0ujs3G8pu3Op1cStA+QmQqvjsY="}},"YwVxgFEzgDV2wwaxysc+J5EqaunU0yg80EOmhCoqGoU=":{"valueMac":{"type":"Buffer","data":"V9hrVGPURVC5BqkiuNttFaRrpBdmj+wDyO7k+7UYD7c="}},"Y5QmjVqiKFW/zH9zyBv+acsZRUPw6O3k+ZvGs7KvIj0=":{"valueMac":{"type":"Buffer","data":"pkyBZS+Y9wKmwERCr0Km8R942S4dv6RSKDQdYZ3ipP4="}},"Y9THcHr5KSxB8beV0Akq9LL/k+CVsvvSkmkw/SP2l7Y=":{"valueMac":{"type":"Buffer","data":"ki7aCtnASO7pf+eo4lCuTAeNvWCmwBitOc6OIduVKAY="}},"Y9mdmY2Gg1uuM+4EkestAulxQiKqc1KcGvy9eKbC5Eg=":{"valueMac":{"type":"Buffer","data":"CEPYaNDVMQiniLOKqOO08fytnOOnY3aOMr+kXOsBdZU="}},"ZCz+FotPVsu36MUOgkwsBeZpzbz+n7ZQ74ckqbpQEO8=":{"valueMac":{"type":"Buffer","data":"7dMmCLpG+5c+RrprNjpYZ9AeXYt9MNdEguJ+slzgaJA="}},"ZJ7ltxp315jGJUHIjYBL5GEASmDodTrfvNp/Lnk5cVE=":{"valueMac":{"type":"Buffer","data":"4G1KRR0HuCV2aWpJO4FTj9pVf98qzAhuZ0fn4i2oFPw="}},"ZYnhyMOs22jQWG9Uwzsg9kjADtl3r4KuCukqJJmWIiU=":{"valueMac":{"type":"Buffer","data":"jU4/AR+RnkE9Xd+WZ+IyBFR92xZ09nqr8sx2MwtycaA="}},"ZawyK3hZLzq4Udx+Zwmp01Tt6BpSDLl/pX7g87G3XkU=":{"valueMac":{"type":"Buffer","data":"P+vLKi4/8H0VVnbCyvzqleKMFxHqYnNDT4eQ+JaeCeU="}},"ZklDKlcQzWa6rdD3IsYQL9g4WmC45WUMPIGFgn9lyAM=":{"valueMac":{"type":"Buffer","data":"g1Y7dd6QRbyMgQyJiqYZlpsGzkXQC11rdwuL507pIiY="}},"Zlc8O0go34v9kWcC2B6IEn1jUWn3WgggbMN8Kc7d5t8=":{"valueMac":{"type":"Buffer","data":"JVqOIm7lv7FDMQFA4f1S1MeMjF3zy7F9mmVjcEIIye0="}},"ZorudJtK4C+GDWMSSDBTlFRqiAuRjyYjM7Q0Tvquf3w=":{"valueMac":{"type":"Buffer","data":"YPyFWawroQrKvaxDQ7Wl6VVuItd28jlDDDaFnNUIzjM="}},"Zo6z/s5KAKbWJ7QCmoKu1FW9LOu00tGSq3EukF5fqNo=":{"valueMac":{"type":"Buffer","data":"WLjA8wxz2jvQK6jNOekW+13Sz3vKdnufvJQY2/9cdpk="}},"Z4BF++c8I2D0QWU8Ni6uGHwoyHzFsO98Qpzr2ID82VY=":{"valueMac":{"type":"Buffer","data":"3T/Ha6ehKie3D/uzloJ/0ReBUqCxwsUnMM06E5SJPeg="}},"Z+TLGb2Pe5yWoSjfiNlDZ+ASpFo1NN5brb1g0atHLeE=":{"valueMac":{"type":"Buffer","data":"o/d+IJD+GII9iqPLJ/Kuh8rNLtP5mDt5KV90do/k05Y="}},"aB4yZrWDDF7onKQjNKiAiOJY1RFOSY1K2cYh9ra3uaw=":{"valueMac":{"type":"Buffer","data":"v6amCMaLkKskmBsUP6Ep9t6oVatW2DlLJ6dgYOTFQHc="}},"aSfy7MF19mzUnKBrd+e+Yon72HwPIRmiwN9FtZDoFU0=":{"valueMac":{"type":"Buffer","data":"Q+yyU95WY7v1MfySWSFqCxc+bDyqqHUV3y3FFO/4Tsw="}},"aY5Nz8Yda1kXwDnLUeYyeoNLkx9iv9LPzEKdD/tddQo=":{"valueMac":{"type":"Buffer","data":"54zHgpKwv658jRXY/D34XrNZX0IaJQ4JdZvzYuwLSWA="}},"am+6HI162Hxjbb/FEsYBaAibURsIrr8cqI0zHrFxAsE=":{"valueMac":{"type":"Buffer","data":"qsVHTp9Ewr4E4UjyXXEk1ZCQ8jOQM7cZr0yVFvEyh88="}},"aqm95OX/Zkm9NjYN3iaQVVEZKrbSie3Z7/Ell/U3jxU=":{"valueMac":{"type":"Buffer","data":"kjjXcDlaa3Jm0PTYG8Jq/RvvUztJ4gcZlkbpI3Szjzc="}},"a7q2mXJxmxJ0N5O4ooXbaG90qAUBi6gL5dv1gBLgAEc=":{"valueMac":{"type":"Buffer","data":"7bzqdkYU+HbCaYGiyvl9wTwnzrGJtQYoD//8XnKBNHw="}},"bFrzBiO7tKVZKa2HfGYMZ4vfK58GP4ibA8mSgNaOJpc=":{"valueMac":{"type":"Buffer","data":"bhg6DiOl0k3Neu/nVbPE5AxNirDjUD64FxUsY4GzNOI="}},"bHiP+9vp5KjpKrjw4c6FRmphnscEZPpbZO8lnbNFJI8=":{"valueMac":{"type":"Buffer","data":"ybdJdmg2p9ftknYjUrKOO6vZXkHasGQSsAIbzbQGTC4="}},"bTPNy4bPi0OMwd4+p9CafYALE8uOhaWZSvhJzYj6wCc=":{"valueMac":{"type":"Buffer","data":"4b6u5WCG6TUQfcy92ISgJc2qg2KTLUXacUO8QRgpJmI="}},"bTw2dj41trdEfVImN57jDjj0tjyYzy1WKCa78sgUG/8=":{"valueMac":{"type":"Buffer","data":"q2QuJrmUsqp5sS+dWBLsxXldMw7HEZ5LsQVrE2P6Eks="}},"bV16eAtThWoCKnpimITxTTsUoHMAow7r+PVfP/ygX/o=":{"valueMac":{"type":"Buffer","data":"C3xLQzfFJswcKQoAHYNHRXpw7AIVLSjbJU4J66WU4Dg="}},"bY1DX+0Bf5rn7PIlX3cGIb5QpYdm/qRGqokX2boGBi8=":{"valueMac":{"type":"Buffer","data":"Wg7oT9apHe2mKqaTQdoEUtdMlFv+jOY7DRjEtYin8cE="}},"bhvRPM3E7GIbTuWvz+yqNSNHfvl4OgbWbGv+xK5QMKE=":{"valueMac":{"type":"Buffer","data":"/z1hGj8HjK36GLMGhWavFAo7YbIn6pvrpGEeamWlkTc="}},"bwXUs9+AwZXWzykD3NBaXbZwTZrmTWBk1vzwyPKlmIo=":{"valueMac":{"type":"Buffer","data":"3qInoN2+mZh1qgYhes7JAgLj31Mqrw2YIb/HhcDFhgo="}},"cHo09ecXyGkvj4KaBI42FNxJTv93cTPTq8aV7pF33Hw=":{"valueMac":{"type":"Buffer","data":"hLSTpYm7V7N3tOwuk/10fA6SL6zavm3/9PVbWJTOOmU="}},"cVU+c546yVNgbOr1plEx7hbNmgxQT31cqJzrPLZ4/e0=":{"valueMac":{"type":"Buffer","data":"AwSApePLU51WxTiDGMcetZEOcAmThXEmolTpPNZAKzI="}},"cXeZ8/Yxzd5gRRdjRhvoVktchexE+aViX41CG9i9JLs=":{"valueMac":{"type":"Buffer","data":"+wlwT8XrcSB1/TApto2GmWcSJeeewD/+RroGSinuwRI="}},"cZb/mFpbi85WXSUk1KhuL2s4XWtipNk0HO/Q/bMCft8=":{"valueMac":{"type":"Buffer","data":"zcVjFHk8uP1SQddMVe4kHgBw/Q8i6+vy/J3njq3jX04="}},"cxwE24PMZEtNYRG7WwCGtyVkpljs90GQpJgE1Z2BKMI=":{"valueMac":{"type":"Buffer","data":"xcILd9T3fufkjjUeIhyL50yM8PaZUxixzf3z9UV+8WU="}},"c80a9SXXGGj7l2Yx3N/XXhCON3t/EbHrDYd0YUAuawg=":{"valueMac":{"type":"Buffer","data":"ONRaB2qunfdYah10xUEtPBn3MpG/I/KYOXPQl2ORGvs="}},"dU16jzgXyITLMJIN6CAKu/VBwNeiV+kCf37YZ2Acgps=":{"valueMac":{"type":"Buffer","data":"gVyYfHSoGSIpjdXtbkq0iNeVL3cXOFA5j3L6EW8XVbA="}},"dXYx+QQmvcQwWF264L7WS34d+OQEW+kasZfH7sV2xug=":{"valueMac":{"type":"Buffer","data":"/gHJ7aG+JZhgmeQ+ddAic/R/PCaWWVI+I3ZXaB9wIiM="}},"dZwLmCzTC51f/uUUt8akf3KzXonZ/qzyRS1lRTctyPM=":{"valueMac":{"type":"Buffer","data":"r6lYDWrfqdmE0mP1stijFAdoBEj1uXOQpnIBLjunPYI="}},"dZ6r16yei7wvGQZd3SfdIUl1JYfZf6vCxMlREvfSUr4=":{"valueMac":{"type":"Buffer","data":"j1DEbPdoBlXaXWQacr6HXAd4V/Medx1RAugS4XO7Ry0="}},"dmhRBXxLOlqxrSqg+mWkrA3C2Wdj5MsjSbKzAc32p5k=":{"valueMac":{"type":"Buffer","data":"Bbk3kZJ3yGVg0Gyat4lHQ9nCBqclnMnEu0ajP1o7qCc="}},"d554w2ayE54vG7/hG0K7nF0a7jpcsjMm2ZVIdtf6c3o=":{"valueMac":{"type":"Buffer","data":"LtOjtY1wbKHGwXVIkLQ9mkc7FKYC1/gGaQ8EqAgDojg="}},"eBBVF1kXp7lS1zviZzyQDIu8E3Yy6MSGkmiF7NQlVS0=":{"valueMac":{"type":"Buffer","data":"exGgqfSjWsB68jx33J2+IJs9/G0mI2npFXSjD1/U3L8="}},"eMXoyYcQaW7nVUGCRyw52J9xyCDLdmMU+1+jv5h7WJc=":{"valueMac":{"type":"Buffer","data":"FiAjbdRWsm10eRrXDGxemADkDZymY0sns88atgydocs="}},"eZ02WwMAiYeInIN3R/TT4iRrfN598AaiTVYPxfkSUIk=":{"valueMac":{"type":"Buffer","data":"WJz4vpdf9dy6SSevj7za4BsxgOrGnDm/Kcyx2Q0Apyg="}},"ecwlqtuteXGiIjMLBmsC2wXzArwhp81Ast7z7FaxZFk=":{"valueMac":{"type":"Buffer","data":"/p6P7rmJA5KtZc6vwdZncOBD62R58Fr0F9KKPPiBJ/E="}},"edxFydeINaVT96oTzSlI9Q9J5mwYAp3wTplPCIIYxB4=":{"valueMac":{"type":"Buffer","data":"oeMT129WsLBW4iK/YVC6zYu0Vcl8/WIiwt8F6HvS2Rc="}},"elVKSWEokazuKkKwsVJHSUDVJj51T3mMbvrO4SGc++4=":{"valueMac":{"type":"Buffer","data":"ooi1UjMb3Ig0ig2gmf9cG+6S0kUhddkl1Y2jkepOlB0="}},"etXUv/o/tNsV8q7NfNV0eunB2rZSGip1txSUFI2wbT0=":{"valueMac":{"type":"Buffer","data":"N74cF1Pii6SQJSvweov4/06haTxSbpL6NFagRtFdphE="}},"ewaqHc2PET2HGESNCxf0rMAGrPl1KwNRTdGqa8yglQQ=":{"valueMac":{"type":"Buffer","data":"nTX7ovmZRtg6beE+FbhXLhkG77goaak4yKOzcVVx15Y="}},"fAArvanh/YSMxl75J9GcMaOgLQ4UMvZEXTjGk58lieU=":{"valueMac":{"type":"Buffer","data":"/VNrCDL2E9hsu7GQnFsci5hlUqCdS8aQgRgAME9D5zA="}},"fIAjZmYYb0avZXcecouMklLFeerrH8TRkl6sWS7roKU=":{"valueMac":{"type":"Buffer","data":"uhg89m3TFLaj4fMWIy6n17eoJy+FqDprJd+W26xLVsU="}},"fuNfnr/Ymy0tyEjb3eRp9/WbAtT7rxNdFgugPwix7cc=":{"valueMac":{"type":"Buffer","data":"uRhtOeWuFjmYLt5Jw0WPXNnMiivYpHRpfqSAT/mOObA="}},"fwHmJy8tyfRcONwrlZhdF7EZDvWJzf84y0F8i3nMqnQ=":{"valueMac":{"type":"Buffer","data":"OHk415WJNqzaCtfp/8Idi6bH/2BrqLOmhBEzZsDGKeg="}},"gIz398iUPownRK2NBKnJoOWjmtjy8WKkIFZB80OnERY=":{"valueMac":{"type":"Buffer","data":"bHa0RL/Xwh8MGWPKpegM0TPrv+OPB0GCvfxVYopI0yM="}},"giz2THQYrQvmAoHmw3tAFfh4dnUCrrTndSARAM81tsI=":{"valueMac":{"type":"Buffer","data":"qWeNFifzElJC58U124+BFh00UFhuy4CO78hJ4Si/3vY="}},"gt7ZK8dI+h4FilnCYAp/PcjW7U4rGkNahaW+JOM+1CA=":{"valueMac":{"type":"Buffer","data":"9UObDnD3gTCaUTLNWEsXNXplxLuIYFgVibA8khNkGG8="}},"g4O8ReZAgEe397j5ml2q4NCkuNNRqFSbtJhiQ5hcdA0=":{"valueMac":{"type":"Buffer","data":"mpNyQmjMKOTAJ0iRmr0lb+0L8P6ap0UticDekk/EcE4="}},"g6bUCqAzzCZdI8q5vanrlzMCEXmILfpscVI8oguz9No=":{"valueMac":{"type":"Buffer","data":"Nt9szNXHSHbvYa6Ik0TSRBVNskE8lc0TZwmYUfRpclc="}},"hMthwb7+i+vQYdjH+cyLoKsBHta1lqCoABHBXbQQ1C0=":{"valueMac":{"type":"Buffer","data":"O3DqaRPFK7cFSQH0zcrfHSGuI0b06aQClN2Al3o/2wI="}},"hZfq2OrOTNG7R2REH4yslPmG+GBXM8DPsC5W8vq2wzg=":{"valueMac":{"type":"Buffer","data":"68vZJfBpGQ5s6VuG0UFfXVZiCIBwz1td7+6lOS/ykDk="}},"hxcrmbASzfUHbOVSubKrk3ZUEXU9/ssPFIOdSxIzTEI=":{"valueMac":{"type":"Buffer","data":"fR/67QuX5KmRvQ9LM14l8AQt70gKvRQxKznb6Y5V7ss="}},"h1CnPq9ZZFbOVmczB1Xhn7n06TnRiOUKlMjlXz8VkTU=":{"valueMac":{"type":"Buffer","data":"mtb+hlHM2EFek5vEY/DVpWN8LW6ILpyEhI0qPqrzPS8="}},"iCdJ52ZnQTVHCBfGKAKLsYZhv+5MVHReUBdO/LEcEb4=":{"valueMac":{"type":"Buffer","data":"5Gqy32HEES6X7l0gE7W5gAPJcoliS7avj2DCsq3c64I="}},"isjsbVqlMJjLS/Cn2InBx5MIEi+kzIfjcdseW0GY/b8=":{"valueMac":{"type":"Buffer","data":"StubN4akZk49DYELqXYB9PSrZIF7+RAp+nYUz/S9dD8="}},"jEBmOkTrYBFkGkBoTgH20e+6Uk4kA4c8twqZKukSN0E=":{"valueMac":{"type":"Buffer","data":"2wqZpjHiI8UZWFSy1n3lBlTU5LcLStrFCU5XiAOELLY="}},"jenoESEgrdmHsM/Px95Y0TYigT4Y/MFfuuhBtDME3M4=":{"valueMac":{"type":"Buffer","data":"FE1q7Xf0uWIwVSaBwAJe5oxP/OkDpj+XEXgwMjaKyio="}},"jjBwaAgXJuzrOalQFVZENBsiwvbxFcGsSE/J/lVw97E=":{"valueMac":{"type":"Buffer","data":"OT0t0UNF+HXGKLCBom5EV18zHP5lmjNz3N87aM+EwMU="}},"jmHL9agF2ZTZQiWc+3yROAEiPRatmnu8b7H3h493Veg=":{"valueMac":{"type":"Buffer","data":"fC/1CgsmtzjFNn5qJ2lkwNbUbfUrNXrL6WaE65JdSI4="}},"j5GiA4mFTR62JNvn2u0GWW6F8zVjGRprM0xf6k2/GBw=":{"valueMac":{"type":"Buffer","data":"okTDoWbz4pTUkO/SZpPeJ/rgk6q9v0K0sv1q1yWnRmc="}},"j5MzkJF4c4haUM5s7eXUJiwkiN2ShsrNWqJWDafRjIg=":{"valueMac":{"type":"Buffer","data":"6B2X8vjDrLvEAHrdbT0vWPkjRjnwfJAlLOSpWxbw7nU="}},"j7TESJgH3XzZ8Z3N5dmm4lledbQpIDdVVDDqSo3WlEY=":{"valueMac":{"type":"Buffer","data":"RYzS0aOm3OM0820e3OcwTtASYApPsN/4uXS39l4AlR8="}},"kIxc7sAPX2BKNu9RSbsEbVIlzIYb/fppnQggHzUspe0=":{"valueMac":{"type":"Buffer","data":"fML0pjDCfT6L/vkmEfzoaz+tYiyXKw2IgPwQAUUJ6xI="}},"kYQZpHpxYoWSUD4+drc42+Ut6M7fPi+B4FdZFKUrWH0=":{"valueMac":{"type":"Buffer","data":"lXi1VobwIhJNGsOf1bpzJE3RtEkE+8C3t8ASWCVlqjc="}},"kkV62bdrmqd7FiVRrvkW6HEenubuG8JOfLSZicO7Vh0=":{"valueMac":{"type":"Buffer","data":"GPL3SfDk8A5/wKxLMtLcdUnZrTjaGLg1ZLiko1pXb0E="}},"kuA/3GHdJumIrLtAMFw5l/L1BHHq6Vdh3t8ZfxMEfGA=":{"valueMac":{"type":"Buffer","data":"Lb6FucEh9xJTXKXfOt5PVzIBI9Ilh7IVB8oyKcpyFb8="}},"k1AxUpczZ07td0WbQlRmriFvKDNje0fJxBCM7lnne0c=":{"valueMac":{"type":"Buffer","data":"RuUB8uWw98P5ZhIX1loZujVDJ21GuFN0NpRCqbAeyII="}},"k1xFfe8u66NIW46+oeGnhzR7wo8H65ahF5kGhRZLAkA=":{"valueMac":{"type":"Buffer","data":"iS41eFKU4ld4uENwbI+A7KA8ufouKqTfDI6J5w7B/o0="}},"k7La5XWlBSxOFXFJ/toucWkUkwWJjnByvyGF7xz5klc=":{"valueMac":{"type":"Buffer","data":"5KNo0YfJOwTmHd09gNoCjjEQAbsSnNDO9f6la5DaDVM="}},"k73Rmz47bDc0UmDOLkXowmMrWK3QSYwG+k04mTEtjZg=":{"valueMac":{"type":"Buffer","data":"Iq5/3a5CIsWAez7L2hHr4kEm5SnvWB5KxAHQtj1ygTo="}},"lGlHlT+7rBzNj87RZdLAuSyGpsDns7lrSSTthoNoCbw=":{"valueMac":{"type":"Buffer","data":"kbNTYLdNFKBpqoJC5MIR1QwjjiwhacYzc4Atrke6WA4="}},"ldp+/+Ej6+V3CwTUVctOWBOiWFHZqeWsW03PKeRDk38=":{"valueMac":{"type":"Buffer","data":"+75VLKXZWMPizaPI7YTUIGWiTYuRu6bVs+9h1tdo4Zo="}},"ld15b2nsFRHVD5iymFerifq7oaCtZaEiEu15WGMAyYY=":{"valueMac":{"type":"Buffer","data":"raZkgUizRrAymNJMhcFcZQ6bAUz3G1AhaVb2luxBeyQ="}},"lemVuCCm3YEZ2KX1ApS66gQ2O9IRlA9NqMS8+U5hrsU=":{"valueMac":{"type":"Buffer","data":"89eBx0hFLPRWhFPjKuPsdF80ivgVTfz4yIYaGGcIRlE="}},"ls+q68p6yLEx+JkvUiwkCM6qVTZH9u9N108OlWgNxUM=":{"valueMac":{"type":"Buffer","data":"/CzBQ/SN3yGAW1VCe4w52hPiNZWBaF9fMpUgVOUsQZo="}},"mD1HEMgBKCTvFroI+9Nur+Ie5ShdO9625XDGdGPrZw8=":{"valueMac":{"type":"Buffer","data":"/J+j0QrHb6PJuUblkVzDT+ZMaht30hUis6LZnlV2Gfs="}},"mG5iQvofDlDcmPw/2N/uWV8HdJzmg0LTF9PeqSrB+c8=":{"valueMac":{"type":"Buffer","data":"QPbWgRkAsFXXjjdJqiYByzjpd59TLObtAdaGRApKpb8="}},"mKBd2lAartjBmKvHBFQN1uCifM977IrSsxeCOjhMi+k=":{"valueMac":{"type":"Buffer","data":"I7M71+uXutztuNLESj3N8RDbWMsg4qCTzyX+06IOvUU="}},"mSQrccBGBZIH+qsbpYFe8jpbRwiexRWffR4xxA5Vcbs=":{"valueMac":{"type":"Buffer","data":"1AXVbUVp5qAu+rpkIvmmh6naZeo2s9GbNyFiy1lJfzs="}},"mWiZMTzOdIDi+HWxJ3/yi69xGBX+DM0JNByIndjkq/w=":{"valueMac":{"type":"Buffer","data":"K19+9IJpdZYqhOzBWRq/YDqilPvf67TKVQl95B0oRL8="}},"mxPu5UG5Moa31gsLiXT6srUuXzmPJ8daN655YAzm/2o=":{"valueMac":{"type":"Buffer","data":"PvrsB5YD0rq5zgCmEEbp5+qN9NykNBaNUCqPSPGJaFk="}},"m5Xnp5xP+/xwewzhv1qfCZafM3hc2XEnbcmPvLrdclI=":{"valueMac":{"type":"Buffer","data":"fOLdzl7IV7zeLpXNYuOfL2QVzwYtzekXNTWFjcplvBk="}},"nIS4U+HQvWiEqPczit53r+sdMH+0m0N/cxXeORx0KR4=":{"valueMac":{"type":"Buffer","data":"nV5J47yvcpwvxuZMuF+cKN8gV24QJFxv4k6dGZlFfvM="}},"nJVjIBOtwY131GqY+SDDjxqkSy1mQMcxRLS+sBAy2u8=":{"valueMac":{"type":"Buffer","data":"H3r7Wt2J71NUYq9mZtgCvKLKqkIz0gH6kzeNLylBZqA="}},"nxrCMRKWhS5sQiCI3ospXub6UhD/eZSfmDs3SBkYy8Q=":{"valueMac":{"type":"Buffer","data":"gDIjNkL4tcO9fIWtUFDJI4fvezE2i8NWnkNHo5TQDdo="}},"n61Gj+Dyjx4azl/nLEwNMsAT1JNovQeLFb3Non776Nw=":{"valueMac":{"type":"Buffer","data":"v2wJhoBqOEViWjJI+qtak9MOQ9QLqLG4WNOatBv6XmA="}},"n9Itg8VsXHR7d/Y4zthHsjMeDmEVkc9KQyav3pkIwJk=":{"valueMac":{"type":"Buffer","data":"YutV0/x4TwKD8ARsjtcOYK5B/BeFlT5C/57k2TzUJbs="}},"oCF3a6uZ9iF7vLPFZe2jwbgg2W8Q8aQo1Dx9+iH0+yM=":{"valueMac":{"type":"Buffer","data":"CuNC8qRO/xTK60hyxMRCX9EQInfHDKtQluiznwR/qg8="}},"oLSKN+bl/YExvq30BMi+IgUl+q4CAVATlwnYcThjV4I=":{"valueMac":{"type":"Buffer","data":"MIj/k1kMq/JbvE5jpdPEx1a7FkWzQ2hnMn7i1Bm8QgI="}},"oO7P1hkyVOKhS+0CpvaBd/lrVVKk2y31JFXDqVtL55M=":{"valueMac":{"type":"Buffer","data":"jb+cNhR0qRvjGTqBa58ijx0rlY6gkb3f2hayeigXJfc="}},"oSmv0zFaTZbosu9N9UZPqaJb7hUEO+9wYpPezTF/2M4=":{"valueMac":{"type":"Buffer","data":"e+d5Du8w/aS9ej6F2wfe4RoGYgxWh9tPd7ON5y3wtNM="}},"ozXVn3OibviOxdYYOiDjTJuGQOv6W9Ens0R1je7OgNA=":{"valueMac":{"type":"Buffer","data":"yO3QWyz2Rq517/F4AwrOLhzRWi+gGT99Jx7vim/11LM="}},"pKV9rRZ8swO072NB5SGlscGGI3a9D/HFYUfANvuk0Yc=":{"valueMac":{"type":"Buffer","data":"qvAIifu2MZZFj7c6xAPE3gbmFdeJgwB5SigTcX9GbRg="}},"po3BQLOrdatMDACaJ+rhgC/xh2O1zgKFVhtqxhsmYO0=":{"valueMac":{"type":"Buffer","data":"F+188EhX+dPMlFFc/p5Vlqt/qT/P7dD2NRQb8GtBgkI="}},"pwUWaeyzn8dEJw4dW3Z4yUxg2KwCCey5CL7ya04/k8E=":{"valueMac":{"type":"Buffer","data":"1Vev2pjZUvQV68sDIeA8MbHA+xOAjsJBoHpvVw28XX8="}},"pwyy6SCGDDe9ioBVI0jy2uz6igsIi/gbKbAJe3a3gXc=":{"valueMac":{"type":"Buffer","data":"TqnYqOA8FUWoJ6hQLyyDsy6GUuqLR1XBpaAZjr6zhgE="}},"p6+TYsK3K+1NoQju01xIeGlM+C+PEN8fI9ewYIllYRg=":{"valueMac":{"type":"Buffer","data":"9miNy/3EAWQw3mcmOgHQIhUJCAiRIJIwgS1ZgbIfORM="}},"qD4PVGHa+2U61TTGFaOh+4TUd7NKnDXYhrfK4/cOPHI=":{"valueMac":{"type":"Buffer","data":"Q+/YvIfIzEqJOAaaqJMf/Kp1dW7ML+pVAHS3ssvtj6g="}},"qTkckRpvbisJKGmB6yu7Z4tD5Iy1aHWYDyHYcjdRPH0=":{"valueMac":{"type":"Buffer","data":"pYdfexcsxwL7oHSAv9mW1V+E0fJNbOFrxINhZE6foG0="}},"qcom1oHDEYGP0AZeb2SbScy8AgZXFH0ApvXBMwiiK0o=":{"valueMac":{"type":"Buffer","data":"xIw47UyTAaGYbGDM6iOtoUn0sSueIFG71CJdRjclIB8="}},"qiAr7Zra0Nkoo9J9y0xdTpDP7EPlSKND/JE53dMH8y4=":{"valueMac":{"type":"Buffer","data":"D45Bf3d54XgqZWja38m5qfjlnzB94oy/YTJdpu4dc+I="}},"qrk0Cy2FitWGLHioXHjQEdnIy1EHhgV8Wya1JdAaKVA=":{"valueMac":{"type":"Buffer","data":"A9sPa6n4EKLW/nDUDsiVgJEBoHQiJzpXxKsSXelBdNE="}},"rBvQNEpKb+QJymns0bRuwV8f/d8EnQfUl7s4Qi/+9Zk=":{"valueMac":{"type":"Buffer","data":"zQLlyoO0uulTuE1FiM0AbAn+mqLX9Pp4/Q3kVr7wUE4="}},"rGpx/st/DloV+TU8gONbp+Cx2EdpL3fRJ4oaEaYH0PI=":{"valueMac":{"type":"Buffer","data":"zCBnkTxvRv76nVZ5LMK1PM+Og/EBEDNk48xgTVmwQ1Q="}},"rJQBSt8oKOJFINrOgXz2JKhFp0WIWL+52HHvyLLmhpM=":{"valueMac":{"type":"Buffer","data":"fOaD/xVHVeV9/Mc4zdossLjsNfGOiQxMw0YG/3xpqPc="}},"rMZX7R/GMJ309MOcho38hpsotrzArLbNFNq7G3/KPXw=":{"valueMac":{"type":"Buffer","data":"VRo0GmuZJPyX9FOSo/+r/xGXCLE1M4vwkoK3e41w8AU="}},"rRuz3UIY9G/TCYeMGJOnwpy09Zp4ZTXcHH8UOn4CKMQ=":{"valueMac":{"type":"Buffer","data":"z8inMLb7rQLi5avjPCW/jeNUKjQqhNzpO6z1eDrVpls="}},"rUAnxqtFBlfwo+DjOkmZESkaESqcwLpzkyUaQWOaR9Y=":{"valueMac":{"type":"Buffer","data":"ihcu6hVonYO2c8EuKhlLdtjlbRGXZ/sWfnI0vFc2TlU="}},"rUP9vlid/JpcJfZGcBCE+8kjB0T2yMXlj4aHzsVQK8I=":{"valueMac":{"type":"Buffer","data":"5tuBMmTjQF9Hc/+kA8OFLfAgtvNaNFoGNtV47FBfaEA="}},"rnT0SuacWzz1Iyi/iSelsz9IuUUIA/OIYDrYOO4ArQY=":{"valueMac":{"type":"Buffer","data":"sAM14eqbj7QaOcOm5aRpoU4W8+f3cOqpZYgnEwIoe8g="}},"rvSozKMW7gPprIURmhafIdWlh1TLN+3/PuWzoihbpO0=":{"valueMac":{"type":"Buffer","data":"bfEkvcvTAUSSrWAnUuSOVL8iFgFuvfOo0OIB3q1TrTY="}},"rwYnxb0/LpRt1z+JuY4oKZzx9Db7+0/7uKioFl5VYwc=":{"valueMac":{"type":"Buffer","data":"sBcEZXIn7r50wnTtXErUY0mqIcQEhQcQoqbtdhrrSd0="}},"r2Y/qruubQDlDKTjAeuIF1+0+0i9JZjSMn1IMo3kmdk=":{"valueMac":{"type":"Buffer","data":"e7Dj+nJH8wmM8aSl5cU+Aq+pwaZJJLKQwRdYW5pzI8g="}},"sC6M1Al+d9Jk2eLxkhDQa5p8s0UDz4NVYr+BdGZwsoM=":{"valueMac":{"type":"Buffer","data":"S3kZCD7UfOrqByIvkTmnmWTR3vk6Uz1A8iemC5eTCHk="}},"sF0Tsy/phR5XwX3Xv3FLj09Y8KhthUrcbmnYmNdcob8=":{"valueMac":{"type":"Buffer","data":"vK2imjYL81sGR/4KVW3fqcvbT1dOKgtbheMZc0r4gBA="}},"sOQDk71nuFlaASAohZb+qbsEeADBJUZP63YMJJcychE=":{"valueMac":{"type":"Buffer","data":"Y17QdjuTKrZc+RQh9n0m7CruGvMX6uG2DkjFWlnxVDY="}},"sPa+COZT/xznIjBYyoJEcMZpywxs7oeYLczGMvnyYec=":{"valueMac":{"type":"Buffer","data":"zusvuJuwJzxG3rplLXO0UQ5qrSSkW5Dc9erCPSTDI6E="}},"sRMws/ZWY+saXYzDdrWMC/1JUTPDCycZOzB5Xdei6bY=":{"valueMac":{"type":"Buffer","data":"XdMnakkRwpt6pVmqwRtBUcRHrTzRK6tTdaQiXiHPvfI="}},"sZDL3SxvSA7f2x05gc6y6KhgQA9wN4TGZNTGxstBOaI=":{"valueMac":{"type":"Buffer","data":"vRwwjjdlg3fMSvf7oWQyihhBWEBoNW7m+LiEz3JfeBY="}},"sgHtQk4/+QJixxhH5+2uXbHb6p/KX7UpCyyW2AEw4lk=":{"valueMac":{"type":"Buffer","data":"/BIJWy4gwI4zjRDMzYqHIAo6HN3mgg3AoVqfeFYk7ZA="}},"su2vbvt4fqcAPQc0qvcvxnpJyXV7bAT0Bt810LdNyqs=":{"valueMac":{"type":"Buffer","data":"TgBlzM12jdd+NF/6wDsVl1xBFUg08mkb463M1Rq++oo="}},"sv+uUjMPtt90yBDDLGIlKAI1KsIefXcFrQxQu9XkOtg=":{"valueMac":{"type":"Buffer","data":"cNCr1EVIiJRB4LbHKxMaTdvUZKgnMbKXCwi/KvKrkI0="}},"s9CfGqKLvvZkdSCJL8KviWY3sejmUMAr+4611n0JhNY=":{"valueMac":{"type":"Buffer","data":"u5TyK62TV+E0JRsvpVQexKPxZ+VS4Cd8qAul3VhtlCk="}},"tL60Ii3Z6AwDxrX+8dNtQLoY3/oRtLiyfweNputU9aM=":{"valueMac":{"type":"Buffer","data":"jB/JSl5WyadFVVAjRZpn0P5e4dOg50EMAigwR22gQbY="}},"t9RTM9DsX8QsErZm1pRTuu6QcXLX3bn/MRpks1l+5Bc=":{"valueMac":{"type":"Buffer","data":"keTTqxc/v9dkG0bpx6g4q/GvHgXA3vNaP0ONzqO2+Po="}},"uFbnyJf4l9YO30Vp4pGSV+N9fR4bmAnHS/g3Yuro62U=":{"valueMac":{"type":"Buffer","data":"KSuP3a7z5G/1C2baOimRXBWNOHvOVd3hvoo9VC8eRV8="}},"uVHtHFI9oD6luUXomboRLUYt7pj6YiUKLgGdF7yfvwo=":{"valueMac":{"type":"Buffer","data":"YpTOQDvrlFGAeYZfLbIfC4li9EEIruBMVmgNdefDpgs="}},"ubxl60ZIWkCJXo2E5FwDLKjqx9PsnciAv/29vLuVXv0=":{"valueMac":{"type":"Buffer","data":"p+YepvMk7loJASVda/F3ZZpNFpxRtD69Sixxc0vqLIc="}},"ueNGdATXNHrmp6q900d/xXX6x2MTZ8ubMeY9t4Adlew=":{"valueMac":{"type":"Buffer","data":"EviDreGRdM0jcLhZBnPiblvutUTwXD1veZEssxmnNY4="}},"ujuz/CYtairwvzkmCbyVk+H4ASA2b3bQzBBU1YnMEOc=":{"valueMac":{"type":"Buffer","data":"RV1ifRU8tOssIqn1qXRR2a3WznD2h36b1alnQLoqbX0="}},"ur+gS0h0Dv8iPY7rJdyTicOuP+hwRObK5jea30l1mlU=":{"valueMac":{"type":"Buffer","data":"7u3ouSu9XT5ZRC6U3mZBSziqug4JHDrEih97GRdxwM4="}},"u23TmW2LEm4iN5XS/18x5ACfS7y6VL0//UHLzUMF1HY=":{"valueMac":{"type":"Buffer","data":"7ZCjuEhu+fQEB/YqLJyLjrYSCUlBHTydMIto5LTE+H0="}},"vcDPCdWwPvQy0DvYuLvRyi+HIfd0zJe3GRFDLGkbwQo=":{"valueMac":{"type":"Buffer","data":"y3LxPrVqczm7K+mX68cGNQ/0762TnTWGJJzPGqr5obw="}},"vy0R6pI0BbgxmtLgaHy0uxjKX1EFViHAQWMDm4vRuuY=":{"valueMac":{"type":"Buffer","data":"Oc+As5SpJACqVpjd0b+pSvRSRQqcOHWXpUx+sJu3Pms="}},"wBDSu7LJ7xNEfX5mUnFWm1hH9M8UDiQuJXBurPkUVPI=":{"valueMac":{"type":"Buffer","data":"a2GqaVHlGHzjrqFiiGTyEYV65mu072GRei47zFYGLFE="}},"wRuvq3//p7XbeQpNVs6GDFZAd0HAjpc77sqZUpfrxy4=":{"valueMac":{"type":"Buffer","data":"h9BdbYvnvhdLAeXT/zDpnCA/JJXDNUK2Q6MkcF3Ii5g="}},"wYY8IUBNg5N3vDXkdOsMJ+Qy1QNMlTAm8KonMLqMOog=":{"valueMac":{"type":"Buffer","data":"bTD2f8OtXaV+ZH20cE7ZYtAMGdotbh9o5Qmfa3/JB1k="}},"w5+tPIpCo1CCIrk7dedg44oudV5tElCUNv6tzREC978=":{"valueMac":{"type":"Buffer","data":"flgvvevgdeYl0Lq6oJ6Z7/bFDvUZtXERLcaR58Wh99s="}},"w/e9ZxTsHeAui8YX9SGsx3akKFyrlB812RP5RaKjDUA=":{"valueMac":{"type":"Buffer","data":"86/wGjcwuBry7l4ZZ0v4+2SIou7yg0DGBcOxwWt8dIM="}},"xBPxD4nJBGCWZfHPV+MZawZgpCbFOrfGhifUaM2SoXg=":{"valueMac":{"type":"Buffer","data":"JyOF33mwDUG+PsQUCcWw6tWx2DXx7y7x7448Q1bNIIc="}},"xHKB65ngEhqF0hA4vEFFUZ1XoNbS6jaqiNpRFKwTX20=":{"valueMac":{"type":"Buffer","data":"gyqZ2ZAc3mfVA8Ob0oOIEe68P15ntMSex5gciIm/vBY="}},"xVDHt54LAEooUB2awomomsf+sxNJ4ipyitCCDhDbGBQ=":{"valueMac":{"type":"Buffer","data":"m2fi6MKkDdZpxp1r1OMLUC6/OSigyV6ydRkpXRqABs8="}},"xgzFaz7cS4fTPD9t4qTaasR7VEVPMlwVa76WVj/FCFk=":{"valueMac":{"type":"Buffer","data":"Ue45Q51waE48MDk+RFcUNW/sArZTTAoQyoC9skap84I="}},"xh0CDb9SolkGUfrzO9dF8/21AWBHYKG8x8XEM+4K+Ds=":{"valueMac":{"type":"Buffer","data":"S4MNgWfc0/XFlqQuurrALI6F5/DUD2/Guncme+kKGo4="}},"xvZnFFv0pUWnOqYEaP42ZVzFXk/36LVEIeNteWRBGx4=":{"valueMac":{"type":"Buffer","data":"3rYSsq6YVpeCe/hDUNedlKuBkE8TMUujqUYwWaLgu6M="}},"x4HQ2e9/eW/Mh47JP1OQ46ShswQf7A3XBkrT8UePbM4=":{"valueMac":{"type":"Buffer","data":"A0QJB9iic4Lrsrf8i9F4Yu6iHfCfA3YJvUOFjgqtP94="}},"yAE7UbbF26k015wKyPapSRbaT3lWcAd1lAWH8s5fseQ=":{"valueMac":{"type":"Buffer","data":"5PreZJVEqnUWgcIUW7+kJIVnVOqfTrIkSu7wSmHI/BA="}},"ySwdM2oTkmbgcIzCN94Hp83xpbPSDiy+DtWhLKN0bbw=":{"valueMac":{"type":"Buffer","data":"P0H9YxFbOaLwTAD7AzR+lqrh7D4Cp2vVusl+el9euTs="}},"yW7bGpUq8YyqEo8w2IV5IJL70oAfM/tHSu+o8ogV3P0=":{"valueMac":{"type":"Buffer","data":"dFZpij+P/KfcItSFSk5DfuL84Bs9GmQ5JmJQoHkexd4="}},"yZm1jEIp5dlRLvIIrOROFWbWmZELsqDT3rGlkEayY2c=":{"valueMac":{"type":"Buffer","data":"XFC7gR/X5y6x4FG+ETuyAOgVGw3uA9oZ53h24rmyXHU="}},"ycP9ZbyJleH0RBmfN8AmbSozltlz7ohRSagbILZFgvc=":{"valueMac":{"type":"Buffer","data":"XJ9YlpatmBKTzWIYeIpqp/Ud0eBq3FXzuYJVTY0Tfic="}},"yd184yVHV7kDT+I376A75Aj8RkhAWqZ1MNYmZnA2eIs=":{"valueMac":{"type":"Buffer","data":"rkrrsunz/vT6FMPsR7ADhZ9i9g0b2I9SfG0DPbP5A/w="}},"yfDdaY6Vtt/J7BdLWAmrPKWchge4BhKzm0IxGlqTBNc=":{"valueMac":{"type":"Buffer","data":"fyVwMBVuqIULspYMJ5FoxK96o/8L6CmaYqegQT6ELwM="}},"yjn20nCXB0AnV8nPnWHei//+vva5mXvXyMgnDPYrDQI=":{"valueMac":{"type":"Buffer","data":"Ulm+F8UKoxM3u3crYzygkYjTQYr2xAK+/YvxWE9ymik="}},"y1AanVE3aBPDDKOZjXn59/XkKf9W7GTx1BAhpsH1tUI=":{"valueMac":{"type":"Buffer","data":"znu5ASmKgCtNmdvbGFyX3Kwl2ujJOdaUoTFRnzRd/i8="}},"y8UmITxhCHvZ2l+VvJ9lBH+yz9trCO6GWWJUguiFWao=":{"valueMac":{"type":"Buffer","data":"XbrhxyEProtLbqMbIR1+BPutX8qfVq1X/STmGkSRwb4="}},"zRNz1VobUVf9kdYVLicN+1H8VnYPGciubyUiS+1RNeg=":{"valueMac":{"type":"Buffer","data":"JlGeiWhSYfb/3WoqpLc+/kmIIXpiUAaDg3Gh/+nlnQ8="}},"zUzNBOLC/BNM/l7cV2wWBZcZd8KJcYkk5UogARkDlE8=":{"valueMac":{"type":"Buffer","data":"FyOhJyfT/iurVNH8UrblJr92QnBbNCtNB5wkwQD37jU="}},"zZOadI5QSI95ZLUGFUKcPx4HTPx7Eiwzm6TJs12IX38=":{"valueMac":{"type":"Buffer","data":"MDP3Lbg6V+z3O5xehby+VRxVlqfLjkhoD3pgZ+gr/0M="}},"zbri3a1mRPR3SzhqrtAkypP1o+KeJe+vYj72ZE8wZa0=":{"valueMac":{"type":"Buffer","data":"Ce8LFRha/j2bTDeeije3RWeKn4ug99QlC2ZXiLLuetc="}},"zgsYFSEgk4GcXn/jYcemKIDboOCSgjke8dSqRP5Bjck=":{"valueMac":{"type":"Buffer","data":"yNg2pYIH7snWmGRoga22GeJIJDuhtH5BCRPBJEeROdQ="}},"zjT4cUhPiC7zYok+EVpK4+05ySbQygA3leJfRmtEKoc=":{"valueMac":{"type":"Buffer","data":"L3YKBWHOEOJbY6NACZwva122rL/wcKOsyjamNQdAztA="}},"zsMVanMj8vPYl3qHiXVycnn+xETIaMzmUE1pY8M2lUk=":{"valueMac":{"type":"Buffer","data":"iUJUzDbrk6tBvH4r0NbJys1odBrpOhYAKSJjVV40LJY="}},"0IK3hEkly+vBPMfudVSI9PVI2FdbyaE23SOXTt7JgBg=":{"valueMac":{"type":"Buffer","data":"JBWj3CO2nPnnv6sY2gApPWTn3iJtlZQF950gxmDNfo4="}},"0JRudUqz1WZDMUXh7906AviMIF+bY2XOSeSL5tbqvEc=":{"valueMac":{"type":"Buffer","data":"WtqvHrWxkabFBamtdPkj7DgHGgsER74t/nQ4TNQ455A="}},"0OyeI0xNtonSzqhS0lRtFNATqq5a5VAPn/wmile1K5I=":{"valueMac":{"type":"Buffer","data":"S+x3miu7DEb0A8AYY4X4aYt+2itjZvo62Qlxx94fTk4="}},"0se8BiVv+WZEc6s9P3H70y7Qo/FRyjUqRcBOQEZ+Aws=":{"valueMac":{"type":"Buffer","data":"sL6cVlB0sIpPtZM2F7Bgh5LIwYLEwnvBtTy2ffxK9cQ="}},"01Nxyw+kLeZSkIi4lbH4jLuVgd3u0+ykDLZTi9dxr/0=":{"valueMac":{"type":"Buffer","data":"hsS2xYMcLfv8nPgpPvU0kX3z0aqhpnXBabaEC1RauQg="}},"02YJrd5gpIIndt4LCpDlZH6pmJunlepTTSiA2Bd+KSE=":{"valueMac":{"type":"Buffer","data":"K46i8g5g+OVR/dTx03ZwXhzSdiC/OzId1XffGn9TIGA="}},"04INFwU9RMNzUEeabFszSHMAA+XJz3bBPTPnq83OHMc=":{"valueMac":{"type":"Buffer","data":"g1DLphVZClLvVrp8yQL9PQVozyVn0leQ/sa8mn8J1u8="}},"063kdUzw6a5i+zJpcBrDg1J5X50MB51AtzkQXoDoPnQ=":{"valueMac":{"type":"Buffer","data":"U8V7gY+YPjk17PT9CJ24TrQTYhaTImCU00yBVMcPA4Q="}},"1CC/66xhsYNLZHvPcdwLA8U9kG92Sy1HIVOJ6mvPMNE=":{"valueMac":{"type":"Buffer","data":"QizBKwbw2kqn2oJVwFIAzzDsXgGDnBttMFGaWVw03Lw="}},"1HDceFEG4G3K0lyRQThegjOu5yBnEd/rreTpvfa64F4=":{"valueMac":{"type":"Buffer","data":"bljTpm+7PSqsuD1QKOdBpbdpQ5b1OpF1vCSBySZ+EJU="}},"1m0eXYKqmDh8DFos6fVtsGsUzVDLFauBkpifUcligZs=":{"valueMac":{"type":"Buffer","data":"KjIyE3G+S3VfkoeP1rJuwhnAQ/LsGfcVqZ1nXQt6LDM="}},"1pRUftc9rmcd2x96PocAF13Epve85Um+c1FWSS9BV6I=":{"valueMac":{"type":"Buffer","data":"Qe66jQpVidjpYScNb84VRoSrLx7kC0K2DJnfQvCEPmo="}},"1tS1SpUd6EuewqG5WqJehkr0eA9A9ge32uNKjsecXPA=":{"valueMac":{"type":"Buffer","data":"THI499KDw6ccyO/yal8y8MHnzDeeYb3BX6r579bsnpU="}},"2TVda8DrVwJ/yp6IErnkHchoiO+S2ZEXb1H5/44qEBw=":{"valueMac":{"type":"Buffer","data":"OeTiyb+mmrvt+TdEnQQ3nqx3SoCSmlo4XZ7Ty4Gan/g="}},"2YaX7afpE93dPS4Z8ZrojYsa0xt4E91PFRpeEGWcwEw=":{"valueMac":{"type":"Buffer","data":"whp0br7ztfM43CVm8jRHxevBq4qwhQHdZNcBKuJRLjc="}},"2dFAIfZpjKN6koC2M2zFtS5dt2jbdlmY4E7ZH2FKVH4=":{"valueMac":{"type":"Buffer","data":"yE4jdfAohp481zOhOijOkxboHD410rqb+cB1w+WvfFg="}},"2pJwZRtzkC2SiJPlfKzVUZG53NHQm5Wr8gn3KufyKQE=":{"valueMac":{"type":"Buffer","data":"+HKEkcmFRQFYOROJTVKPbFJ7LoWiUKuMII+HM/tYOMk="}},"27haMUJUxCN0VPqEnHFwiIQE8SW1bdHgTDwW3eaUmA8=":{"valueMac":{"type":"Buffer","data":"s8qFYca5FHtY+kDghICVCmxgbyNadcQsCWpAjhspuCI="}},"27jaD/EUZxbZE2lrOaiZFOXPqmmZ/wLTbHxPquHtIEw=":{"valueMac":{"type":"Buffer","data":"jXBxiapCW1nILReSfQgWKdfryH4OQLANnYActNCqWb8="}},"29960VUQL4hmDaUfZs98SmT535rkKRInMheBnzbxz0M=":{"valueMac":{"type":"Buffer","data":"0PzRHmMWKjowqbjJLotWazGyWTrOsC0FQr0bgYfr+Wc="}},"3BcpFrHNsp5c7z2NTnT3QC7f8Vy70MXFXkKf2u3gW8o=":{"valueMac":{"type":"Buffer","data":"IG2e9W6kxuQajhEaEUMS/Sj9x8zn22EuFjs960Zx3n0="}},"3TuqdqTVXhjMb8Q5DkLRIIIFjdQrqIWj5xNfBOEMsPw=":{"valueMac":{"type":"Buffer","data":"6CG2d4rSLevxafDo+/UNnrzX8KVQ5ACoNuXsKRao19g="}},"3U5MIPh98DGtNgiv1We+rmTUT+gG18BN5bcbNWbY6UU=":{"valueMac":{"type":"Buffer","data":"Ahaqa692HCzaeOAdXYX6uW45Vc2ji4+jIiBcbaAuy20="}},"3dRlkdEn06LSgELezkRjcVbLWWo53plYO40svQJ4yKc=":{"valueMac":{"type":"Buffer","data":"KbokvvaTkR0N1V2DON7qjw8pKUH+wGY3ekpdbT4inv4="}},"3nRZhf5SshzHn9XYiVbCNM9B8ThsyexJV79bOyj7zwI=":{"valueMac":{"type":"Buffer","data":"jhgC1cMMAJaWaTlD9VJucIXDvw0WnffHsF2xAGoVkG4="}},"3puQxELKz2rcuSesougQmq0HCZ49ZIS+P08r4xrShvY=":{"valueMac":{"type":"Buffer","data":"eUmTcB7wCkDzkhYcgIkZStOBnlWd3PWplj/9aP8REdI="}},"3ycMZ2ocNfCiDJVF45AhAnRCAvXX2MmI91F/Dn4t5A4=":{"valueMac":{"type":"Buffer","data":"CzgkFDaOfc3i9a+tbyd6JPLDL2481ynIDtj9BX+72x0="}},"3+KgdWZ7C7nKCmxzCATsc+u+GzoWhjkDTzThlWuBDhk=":{"valueMac":{"type":"Buffer","data":"Bv9qtu/xfmkTrq6J67acjqfGyQmu30xEje41H7WHGYA="}},"4AW4oPt1QM6NXO5h6vO0+3cgoDL1OYhOwetzSjBx/u4=":{"valueMac":{"type":"Buffer","data":"o4PesMh98cAxNAFvH7ak+IHKqs3GTNayHDhRLJu4ilI="}},"4Ew/p6yUyeXBydQFFhrQC3Fwz/PJjXCjdDBBbVQifbM=":{"valueMac":{"type":"Buffer","data":"gV/mHBBc3+a4xPa4rC6EEdyRMNXbn6r9RJHO39FsMT0="}},"4NSPWyGlKqL4leu1zK1PYH0J1AegfQvwHzDaLCdWSlo=":{"valueMac":{"type":"Buffer","data":"KUsnCXmaMXYAmGe0ouM/d4iT0SnfY+F95m+UxaVD7bQ="}},"4Y7Y8XtM6QEWMrbJoTMwN1AoN9GAwJqFfTmUvJhUpzs=":{"valueMac":{"type":"Buffer","data":"ca1LWwbdcqGhFQinuX6CtNI6QCPqk6c7bt+Ut1xEqFE="}},"4unrFTKHTqyprot0rj2QGyDcHwOhKafdLan/LLotehM=":{"valueMac":{"type":"Buffer","data":"g0/nRDXYX2dsL03PZC9b1y5EJoRdksdeQ3RUPane/54="}},"4vwqWU7AtDQmpcICjHELNYaGFsh1S41nl1jCNvSIWeo=":{"valueMac":{"type":"Buffer","data":"kdQJ+ImSokteyFa1stT+Q/PQ8VqYWYuGt8K0gttm1rg="}},"4xco5pRGoWQ0yRV+MS+hA0xbSoYsSkTbIOHJI7oyLOk=":{"valueMac":{"type":"Buffer","data":"vLoJz6JDUIebpYUUflmrtjT+TD2Aq9zzendjz3agprU="}},"4ySpPrnyE8WcHef0JdyBJrNiOqoxahvkOdlUMSSyDpY=":{"valueMac":{"type":"Buffer","data":"8NkEf6yBjyfw3dTRJD6sDWnhIf5GgtbiIHUt4z6UBr0="}},"463MhCY6wglPLTdTNNcmDngIOF7SL+ucAc75G3uOQ08=":{"valueMac":{"type":"Buffer","data":"O5leTf7DiJktTSkcVTYH+0lhBVG0Ir1Jp48ePLaUN4w="}},"5B78EWLTbrlHg5uXiIwPc4hBL5c8hZRRvDbhO+c9oKE=":{"valueMac":{"type":"Buffer","data":"7suXgTNB9ZqD08FPXBTQHVhrKweLjlitduZCy8UipkE="}},"5YaxTS0aqTP69Xt/Rqm12NfVQVnobcuRe5Qy/xLHdEY=":{"valueMac":{"type":"Buffer","data":"ukRsrvIvhjFUHVqchpWccPgU4fkJXQdxkw2+HdUCWHE="}},"5pNBXjyhs8OsRFC1Vm2p4fd/XtMOosLsH/h6dnhpBKo=":{"valueMac":{"type":"Buffer","data":"Cq1KgMTuaybldf05hI9w8O0PHwkqVhgSQ+GNxCDHslU="}},"5wlcMW8DR3nihs+elFDQ0oMO0FiAIc35OxQGxxKGqiA=":{"valueMac":{"type":"Buffer","data":"4OmiMByl2q70xgcqRaxVG5GPhkn1kEGvkj1iKQZuueE="}},"5xIsDXrMCw6NmSJ/VKRU2EVZDphsYDrIaqHBsGSzpiA=":{"valueMac":{"type":"Buffer","data":"5Q51/5Ezuc9oN1m9m7J3EPUXeQSbTJnuauJp9yMXPtg="}},"54Flmb+FTuRfedlVebdzT1kvTy7rKisXdeSvh4yLnjo=":{"valueMac":{"type":"Buffer","data":"Q86kV2nwjKzY36gBcE8X8K+OfsZIfbnIsrAD7mPxoro="}},"5+qM2e4T9jo2xSJ5wqWtKtqbKf1E7tvGuDtsckX4mqE=":{"valueMac":{"type":"Buffer","data":"Mave0QpFRe7/jVvVIRqcbdWeKRCgks3Lhg8gDJH0hes="}},"6C8x9Bgtm5iSQsAv/libGeVfXairJoy+DBmNcYADNNE=":{"valueMac":{"type":"Buffer","data":"0ISxKMdStD9NZ3R+o4u+6i0YFGIHhkW1N9ViYo+hIDA="}},"6TrUxTnyFWygGkC0MhChZ49yBl6yGQn51Jty58jnbhY=":{"valueMac":{"type":"Buffer","data":"MJsgEzrnciTofNvSdbX4PhXciLWTmN67DlaDqfK2Ozk="}},"6uw0CLAZ7PlLQGPvBhj0SVGPOjs9WHbXaSHbWF7oU5E=":{"valueMac":{"type":"Buffer","data":"kzAOXE7HjMM9BS3bfaNBrZFWuAz/SeGE0uj2E+KG8cc="}},"68JWgx8/akRP8t4clpX9F5G79qmL6I+rNi+jEWH3vQ4=":{"valueMac":{"type":"Buffer","data":"NmT5OIIilNozLnJTOfc4Abf3e8HjvV979LP088vFw9o="}},"6+tKiSvc5hE/olOlWPr+dzRelkusXayrS+P/8TetkQI=":{"valueMac":{"type":"Buffer","data":"XC+zfA0MaD7TE/Qxs3HMHCy1hQ/5CKX8VAy1OM3HOMk="}},"6/QOdGTmrAj9wpjH9uooGdMxRbr/8nFANRzQ1ykxrCQ=":{"valueMac":{"type":"Buffer","data":"xPTNhZMnZ6isQWprVSm8lzBv9XLXytgmJkfGBXCDprg="}},"7IZ0A7CW0Ksk2pxHLcksmgjLxZxa9k7A64CN/D9yVQ8=":{"valueMac":{"type":"Buffer","data":"SQ54e5VtwBakVWhcsKi8Nbx3eYYrLpsariLS0JbFvcw="}},"7PcrjtFugQUDrmK4ga76y9fAnD6vpUimTPx435Y7siM=":{"valueMac":{"type":"Buffer","data":"BUCh7mSUfPjEsmMVcmCkx4dV7W9WlRG/GFjXFLx/BZw="}},"7aLssA1cZ/6Nomz0EKCDMrPlhNHsAUzqMsUmfpVlCIE=":{"valueMac":{"type":"Buffer","data":"63NTVdGzcotS9ygqbePx6482T2evzfzt392gc0vnpNs="}},"7szdJHC7FR+EBK0s1hP3dMRjN+y3zZqaq/ee3XavPQU=":{"valueMac":{"type":"Buffer","data":"JLzGDSSjmO70WmHRh0r0fBZN+PTSo8QeN/yD4L1kP9s="}},"79R90dg8gkBeAqOAyMIiXWcYiLtNmapYZPuJAAgPpkE=":{"valueMac":{"type":"Buffer","data":"Kkt6k2IirH8vSD0Tnj2zGnTL4DybEkp/ivBGSEeobpA="}},"8Yf5jhsc+zfPZFEQpta0vdk9DEjrDKM9Rps+8Drv1uE=":{"valueMac":{"type":"Buffer","data":"Q2Ge07s/01kaRpj4PJDwAUwU8YXOO1jGAXeHnUAl8iw="}},"8bl8dDYJ7x7hlIcB2uTEGZG64MDG7EXvq3jIrmXzmNA=":{"valueMac":{"type":"Buffer","data":"R2oQ1NdKJTGlK1EBdxuBAOsRxvGhuvolQg/7pA+GP0M="}},"8g5tqEcaMBsWgVX7VmXR8DYwm2bVbPS991afUyAf95A=":{"valueMac":{"type":"Buffer","data":"G3+2o/3vXXpvHvfemKrxsskaNbH8xZrbRKPw8hUK+xg="}},"8i53KPQoAtB6O3Jir8n0cHxz1hDH+bxSdJHMxHd6uR8=":{"valueMac":{"type":"Buffer","data":"eM1DgnBup5HJrIFZFFb0i52HG56eOlZxkVuqouLCiKs="}},"8z7BeCouCf9r258r82Z+6jwluTHlemlNN+J7pSeNUI0=":{"valueMac":{"type":"Buffer","data":"dlotmNA0K/XJlxPPiPwKNROpxDQF810mogE0PvxlAiw="}},"9WbzmIYTdg2NrWbNdpRbuVNnfqYxxm1hYA72jCjJqLs=":{"valueMac":{"type":"Buffer","data":"NpXv6X1682oIGAcm0VfASCtcMED43ReTVXVc6bjigso="}},"9fMEGCguijxazWVpmVaKOw+jPiAyrKmHixE1og9NZ3Q=":{"valueMac":{"type":"Buffer","data":"kEjkSI0yFLGn3t7LbDP9Zy2BQx2Ez8gx6cFINCRgXuo="}},"9m5TuGvInKvPky8GWIeFIWjuZiZnf27f3DCIr2FWGeI=":{"valueMac":{"type":"Buffer","data":"9SwwNSHI46+GKIdlRvV0xAo56TfgSIvMu/2J2mQkTiw="}},"9+/YVOFkIQ1U9XGl03q36FpuMUZDWGaJpCkyB5IjHnc=":{"valueMac":{"type":"Buffer","data":"eqaO/fa/LlMrjdi86z2mnhrl5uadM+f0j3rFLAT5G0g="}},"+UBZ0a/eX5MHvsa+kv/l8vcmkWTVeSB7uu2XNUMksC4=":{"valueMac":{"type":"Buffer","data":"sO8Zalqjc/MTDkq2iPYLjts4oTPYpoeQPjSVzsHked0="}},"+aleeJZZhtRlsMf4hYQDifbBoSYv+ZiKHJRMama6BsQ=":{"valueMac":{"type":"Buffer","data":"JodvG1Fy5wjkpnxSfs6CFyZx57zNVyuoyCAJ9Jr0ylw="}},"+hG5DqVHrUP6zjlnVhr5xkeCeXB3ooptW0simyNxw6s=":{"valueMac":{"type":"Buffer","data":"how923xacJTgFx4bZXFHAcyS1XrgwYA1wDZS+meQTCg="}},"+4xb3zuNhsuM1K0LxzvuXErmOBoUvdQI3f+Xkawd8OM=":{"valueMac":{"type":"Buffer","data":"kiZffZll8dHvWJ5JuMzW7JwEzuqNn33WpF7joBA+FQM="}},"/AU7HLY9cCVWAsuTyLz8fHrwtgjmOovW3jNdw7xsq04=":{"valueMac":{"type":"Buffer","data":"DaJg2whhdzBXeOHYAUASmyoK4+UbwsdD9SdsI5QWhiE="}},"/CRmdQmonjPSu3lm8oAnFmKGQfkWr20IQMUuiFk/wFQ=":{"valueMac":{"type":"Buffer","data":"17qnff2iNdsqkGNhUfBdDaBjR4FgAJmFrEVXmrJzNm8="}},"/J2aLOsjMYIXb3c5eSO28Hc6ZXjYU//1NkV0Zx+2MVI=":{"valueMac":{"type":"Buffer","data":"9v+5AnAHpkv6celHdZ5trcAeuOlXfYeKTJjREKT7rFE="}},"/SCpdWp2kASeDE5nE8MxIdSHlqOhN3QtLbrCCFSnEAs=":{"valueMac":{"type":"Buffer","data":"DIKclmB3cwq283DCKJ3LkzWp/15KxLNW0dChfzeHKLI="}},"/WXm05J9LWVa1g7d99ulNxXzv4qREV57a/kD02ZtI7s=":{"valueMac":{"type":"Buffer","data":"4SoF1H/XqV63T6h5ppq87ENjwHkbiU5AIN5sdN4EJD8="}},"/a9cc+LehR1DPBJrH0a0sePglAQ23/m16QSkndxZthM=":{"valueMac":{"type":"Buffer","data":"5Lni80sMIxMAe87LRRX1IzP+VgLAUOvML95xtk9fqW4="}},"/seB1KjM15enOmKy2PJ5xTQ6WIgM515QHS+kvh6sgJg=":{"valueMac":{"type":"Buffer","data":"G3S9gZ0iFYyCAeZIuTPjT7ZuLadzhgkmF0zg+eGYo/k="}},"/t8engQvDkORO2hJrRIQYFLInDtNP+0cMeLWD4nAack=":{"valueMac":{"type":"Buffer","data":"HubR+7vLpuIJ7wq8aowYeiSipwnApCo3H7Q0hrbKgP8="}},"/xzd2xBfYiosHlKjxUoBIxUdvD5IIQ/xdCt5jBv9DE8=":{"valueMac":{"type":"Buffer","data":"ZsVf8fmUM8j6O4qs7wxd8fkO04VRf5TaOLhUP9/4YEQ="}},"fOPzxwMKDQEntNfO30j9v4f8gV37yXBw/mel/jwtufE=":{"valueMac":{"type":"Buffer","data":"CE2B2r6VjdmGSPDA3m2YV1Phm5Aj4b94fgjRnF7xUtk="}},"FQa6uc4INes37nf75RgTZjWunkht1IkX7BvRc3pNNls=":{"valueMac":{"type":"Buffer","data":"7pS6ovXvHhvssSo+yhgO3ZRhpzejBZmH8q37zYyiZrk="}}}}