{"_sessions":{"BfrJ75PSgGO3Ld9ie4HIbr01ZscEeUWEpP1SOkfgHqFy":{"registrationId":77563552,"currentRatchet":{"ephemeralKeyPair":{"pubKey":"BbsJO0DyFvoRU9MMTC8k4dd62VbG7P7GzULDWNIiZ3Rm","privKey":"gMAQzG2PowyuA+5iH/t5/IRQamJjLG107q8IrjED41g="},"lastRemoteEphemeralKey":"BT69j9SFBLANyk1kIyI3PdAetxBmD5kfNCLFIo25f8UL","previousCounter":0,"rootKey":"wp373bBlFANbXdbImgda/nCrom8bwUW4bx2RWzR0a6w="},"indexInfo":{"baseKey":"BfrJ75PSgGO3Ld9ie4HIbr01ZscEeUWEpP1SOkfgHqFy","baseKeyType":2,"closed":-1,"used":1754073391581,"created":1754073338612,"remoteIdentityKey":"BVo85VwBawGx3X/WwmzP/20dbVPNRHgsXr41lQsovi57"},"_chains":{"Bf4C1Ivv1l1/awl2AytoIFNCvJfDuKLecqG1p56DnqgZ":{"chainKey":{"counter":0},"chainType":2,"messageKeys":{}},"BU6s5pa4fTMNgbyzH7s71lArR03CMh4loLzlFA9AKURj":{"chainKey":{"counter":5},"chainType":2,"messageKeys":{}},"BT69j9SFBLANyk1kIyI3PdAetxBmD5kfNCLFIo25f8UL":{"chainKey":{"counter":4,"key":"lhRJeshvT//GRndSPjst5oKfoO1VhO9CYeHiXaJ/bRA="},"chainType":2,"messageKeys":{}},"BbsJO0DyFvoRU9MMTC8k4dd62VbG7P7GzULDWNIiZ3Rm":{"chainKey":{"counter":-1,"key":"wrDPJRBKZbQf06XFo+DGamEqGlMmlJ/HHfZ9OVwJsQ0="},"chainType":1,"messageKeys":{}}}}},"version":"v1"}