{"version":91,"hash":{"type":"Buffer","data":"8h69uHYX6AvKc+Vrkeau75wGIyWXo7YtLSIvaq8P9Rk8vQbnyRBTCwacl3I7dsDO1WIGc5YMltwqw96gOqXnoX6Rx9hxhVVXWv/vHFpZ+6V8QVrRA91PNPuxpLEzFgAOuUkNcoXatpb1ptdSN8TzNMprFDz85fkey3Ke9k9hI5w="},"indexValueMap":{"A/GpAgHagadIPaWgg1rJxebs/pB8+qEMnBfpvipPpEI=":{"valueMac":{"type":"Buffer","data":"zl8+yTX1dCajqKllXL8iw1XuEJ5FZhVpYekYbxAhd0s="}},"BMmNQ5DJqFtaAeYHD16frVj1hGWRtD56vnSSX6HdbOs=":{"valueMac":{"type":"Buffer","data":"H6Zcyep6adeVCBDe7445qzT1zfHtPnWkqN6JjRskpcY="}},"CKaIdenPBxFOjhxu/HlFpbSzVkc8hATZFO4JVJ++60g=":{"valueMac":{"type":"Buffer","data":"fg3i5ixN3YZnxNhT/NYmrYNMs+2PbBeEvOXgV125RXw="}},"CuHTPdj6sXnQ0dZeF889NQF7zmczfxPV9LCYZambITw=":{"valueMac":{"type":"Buffer","data":"vZqvaXOPLtwVfd51Pf54XtbVM7hH27pxYCx6pPL2XiM="}},"DBjWdwl3CH2rIsVtqbqLYcrSDjGm5KpBUiVLNDV0lPU=":{"valueMac":{"type":"Buffer","data":"sXzBZeIo8e9ta2TIFjOPGVpiFW0H6oBnVIKfbx6fYf0="}},"DOTwiY1FnMYYi7k3z6Zzu0XZxDLkmGAZgTCDbACaL3M=":{"valueMac":{"type":"Buffer","data":"9r5B/t54u8RLKmzZT8zvrjtWqK6g1XXhqhwbMaP78j8="}},"EAAEMZO885OTJIwYZpTBlCvM9Vfct+yger4/w5/KijE=":{"valueMac":{"type":"Buffer","data":"hJCEYoueTxBEKKE+hfDxjJFuNJNJj0wY033wqh/KBJs="}},"EQcu+LgOvV3JVBrtAQ6OHskaiRl+7MpOlK1gCUGsfhw=":{"valueMac":{"type":"Buffer","data":"G6f/y5Qn4Hn+mX8UkArSmFONRpMDjhY2snEI3goG/IQ="}},"Eev3tjpOFbFwVEa/BWzCOHLfKpCmqPlM5y2iW1W7zuA=":{"valueMac":{"type":"Buffer","data":"Xgb7Aqkg2kdRNkt6Nuc1Gn2zmsJ9WgPuV9brIzokZmI="}},"E+Tih2XVfHuJl7Nit6H1cl/BllFGxxkWzia3wvPBXDg=":{"valueMac":{"type":"Buffer","data":"HVALeV7m4IhdkVbDIesa79Qt66j2P+yPw0JQJEINOSw="}},"FBiYDZWOk/4k9mB/ZHzxOfJc2wGdBiL0blA4G3NyWfY=":{"valueMac":{"type":"Buffer","data":"kQNJdadbOObrq8kmYSZvy0ZxpQjHnX2g4dEqjSlUdB4="}},"FyI6mVipJ16K8R5MW0sIq1zmERUAsALDqTU5uxZkBJo=":{"valueMac":{"type":"Buffer","data":"h2XkXpfqbeJbbMaIeVnZjMpwj8BtXVHfDwHXw7eE+dw="}},"F06AEA6hsik4a9llIvramvYBUMGvvuiCvNCYT+oKnQo=":{"valueMac":{"type":"Buffer","data":"aliT2sSuS7hBokqavzkKmXxJ5oLH9+mPqXpw20SdsEA="}},"F/7SqTUHD4B844ZhzNhaa77YbQ7bQxaz5Y4QVmpRaMg=":{"valueMac":{"type":"Buffer","data":"2eLCsBSp0LNY4FZ4b6sjjGLaOo5iW7K3zF3bCzbUxu8="}},"HStX8ijYOhpjCdpYtkVw0qxEqJarRlN1I+iNGmrzxyU=":{"valueMac":{"type":"Buffer","data":"mk94PtvmZpnwLj5pCpo7hbTMnEBLUMwzw+ksIklXQ20="}},"JO6G5fuAb6WDWD36zcHmN84qk9IurANr78nHmpqFGJU=":{"valueMac":{"type":"Buffer","data":"0ucSiaYqRJ2l0sy1qgpaYFWwusRuwXvSVvm0z3IB6Uk="}},"JlZ5YfXFxYkWlyhaco4FuUcu/qCP//wBWa15S6PPGmw=":{"valueMac":{"type":"Buffer","data":"06dcdHUrSF2xYqWKxF1hMIxqu2wQ+CbGh/EpCGR/Qpg="}},"Kyps2EtU4QhyUBdeMXfVaxQ7IK4SsfrP/TtNHn9+pLw=":{"valueMac":{"type":"Buffer","data":"uOYqwf2K/dgoJPsBzZOSi1sovtDy/Lgn6/VzvxWigcU="}},"K5uHUteSQIGOAO9TcY9C4KsQBI+WKF5JdHYfp8YrVTo=":{"valueMac":{"type":"Buffer","data":"IWSYcw++zOQkO79b2ABeXh8HLXATaDnyPtfyWJfX2nE="}},"K+Te6fc1pO47/FqxbEdpOKeApPnr8WFad+P5KZzLIAE=":{"valueMac":{"type":"Buffer","data":"OzGzO4DrpBPsNifmuZOmNdHodEQ+nkHnImiqQZzeqnI="}},"LB5NarwerbDeOCYYEbLYZoVQO9EQIga+YdsJuVoMokk=":{"valueMac":{"type":"Buffer","data":"RXzCQ0GIY901uGLWWJtQMzKvQPn4iycO/dSLbn3YcZc="}},"LVO9dsgD36GntpW3rz98jYD/h220dUoBW3G5md+GzpM=":{"valueMac":{"type":"Buffer","data":"DXKiU5QnJgOkqmaI0qDqBdZV3A46MOJFos7QW1CO+uM="}},"L44zXOZ6Kzptuo8zWhBCcSxZMFo3uWEcQsgWQEqd9xM=":{"valueMac":{"type":"Buffer","data":"0+sSz1Sf9Kwdk+mk0fwr1g0NqMHC6dhXppm/WTSx0ig="}},"MFRpEz9yNsyvL7Y6RbnwkbLP12m+Ws5kaPO21J32p64=":{"valueMac":{"type":"Buffer","data":"iM+bwl5JCVg3eWLw3dKS/KqE+ajtDroG4iOnONrvrZM="}},"NalNK4kIO364cjZZKFeAxqX0IIiekmFM6vIAlHT6WxM=":{"valueMac":{"type":"Buffer","data":"xtRwpQyJwE2CqdGFYpscVAK7e3FabDF3JoLaJnRzWj0="}},"N0eu9KG8KOSJ3tsmru38DhWAbb73xi6vXt01+hbZrHQ=":{"valueMac":{"type":"Buffer","data":"am3CTO+W0uoYysuR61hFq74ZMvX4BC8w5NXQRiOkq04="}},"Ogth1z32F8VVXFgJZ4lmt2EgLml/ysx+i46mduOEwcY=":{"valueMac":{"type":"Buffer","data":"Svh6XoUbsQg8cBwXTkG6v7xh3X3MXUUGlwwCRcvLg18="}},"OpTAJFVNKf0Mb5/4I/xzJTZgWdvAgKIMVxUUAbnAQG0=":{"valueMac":{"type":"Buffer","data":"cj/DP2BKjw//QugNqOdN42KBrfFWwPbD3UCgh9zkMV0="}},"PREdpytn7iUFclUDK/NIQrTTMPOeGuJF0t3hvOW7Iuc=":{"valueMac":{"type":"Buffer","data":"mLyAkGq8AoAFvQ8U3v5C+07mmIndhaREuQnnhLk81iE="}},"PsgN3vESHe2sc1YOXV512BP/ZpLcEXmqyHiryCYm8zE=":{"valueMac":{"type":"Buffer","data":"L+k6bXHZzSGcX/aD2bgvX798oUMcoG8HJj7N2aXeKAY="}},"QLZLf66GiQ29pLUA7/mxPRZlnlYuaWOmVMe4hUlBgO0=":{"valueMac":{"type":"Buffer","data":"kDdxA/28SMM2tXBU3hBqrlUJxk3p4ENJ1UzjinwySGQ="}},"QM51nmE5KgKPT56pdNqghsKwEBdzMCtP/XNtQ1Laatw=":{"valueMac":{"type":"Buffer","data":"1CM6DxcopjsR16gXBM2C5NR+77IwWhEPkYrUJy7NaV4="}},"Qc29RXaRPoV0EvT/N9BrgCMpX79eVR7KwSJnnzHrXDk=":{"valueMac":{"type":"Buffer","data":"1Psfcy5w8LOw/0q7INLsAYwneRGQckc/jG+rQyviGWk="}},"Qpj35TUae+3rLgtzLzEI3zeFadVY3oGYuusKYkd/ZiE=":{"valueMac":{"type":"Buffer","data":"Y+Q7qIhJ/FWPaGb3Pnhb7pinAyUdQJmvnVgQWbzvXT8="}},"QwFQQXEahAi7DsDKdnH7jaltNmYUMbBvDxCDcaiOaQM=":{"valueMac":{"type":"Buffer","data":"SOuWWvgYLFhBtF+JQqFuIhbObI8g2j95HfnOhNMvG78="}},"Q8U1BrkHh887VCu/UybfLUekfFtKKu5nescWP4RfHec=":{"valueMac":{"type":"Buffer","data":"Mbi9FHIprrApndbN5+Bsq0TfPPkuzzHf2RvhvS+8k3s="}},"R/90gyrHkgEpBD3O8aTJM1aqbYGiNQNLFznZvmV10CY=":{"valueMac":{"type":"Buffer","data":"dAUxSZ+4jq1gMRfsefloCmuwU1cT9xFs4vkRNtyJFi4="}},"Shj6/Lom51b6ZU/aUFCC0NbGtJTbqSfsy04EUriUq3U=":{"valueMac":{"type":"Buffer","data":"laYEPzseJeXr/Ft+ekE55k5kPVKhwsHyGAzkseuo9uk="}},"SkY3xQdtaieSZovos4wUb36C5dnh6Ffy0Slf0rBhe/o=":{"valueMac":{"type":"Buffer","data":"XH30V7a4LKVzn0gcpfT5LHZGP4P53yu4mv1ZUWf2h90="}},"Szn32dR1nMxLMNGmztJ2248QXVlvG+zH+BfBdADy/LM=":{"valueMac":{"type":"Buffer","data":"QegrmHz8APS9ewkFnwn9FLnRIx0yOIafaba6Ptbhoog="}},"TO8BDH95PknXdDAMCIrhEgH1og40xoA8YfYU/DNxl2k=":{"valueMac":{"type":"Buffer","data":"xPQVS36LLJQMH6X7jEmkdCeTfuEGiMNOqXdml4tFVd8="}},"TSeV2dM5YDcPnOFMO7b3WSnxPC+j6Uo8w8IotXXqQzw=":{"valueMac":{"type":"Buffer","data":"yINvmvCAReH/QUPJuMTYOOgaoPkVoXOUwKd8oCzkyQQ="}},"U+qIet59FrSU9E6rx/64QsZBk49pGuqHBSFnNLkxiEU=":{"valueMac":{"type":"Buffer","data":"Y1hLffOkyPbqB4sBRLu4qOwVX1XdKg/cNZykcJUhhOE="}},"V5ld344A/QhWwD8+Td6uMQasg08c3FatulP7PKFtDBk=":{"valueMac":{"type":"Buffer","data":"jAQ48z2mT9jNJhy5WvASliHDf4jazsArXKjLHNfpQYA="}},"W31i4cCRJsrgYEG9nSiJ0jgIY+vFXTvok296hu4QpOY=":{"valueMac":{"type":"Buffer","data":"m/tKEGIYDlfGE6tBxFoCa0rFfGUcxf0cRxg/cVEMfy4="}},"XXBVa+sNsQPPQkguGGpyFRmQgVK+ycJc4AvQzqXFIPk=":{"valueMac":{"type":"Buffer","data":"m28l43LV+H+zezw4DjOQeUaVcT0XYjp1ZwTyAssrIl8="}},"ZXhzmhCIRGChNKeqKPGh9wbBNi64q+ilPGngPjtAzk8=":{"valueMac":{"type":"Buffer","data":"HTAPKCRGn8+ElvY1aaNqqC8i2lLdDvuk9NYiwL026PI="}},"Zca+fNzvFlXEX0uH6WYu6uO06pwcdqb5e4XggKU1BZw=":{"valueMac":{"type":"Buffer","data":"4pxWLgriBElD5oKAZ5wwsj6Ly4kGqTycMsse324jXAc="}},"ZyRm7ysX3E0TkDz3iESO8CzrnaIF9WnX6HPgVEQAF/4=":{"valueMac":{"type":"Buffer","data":"s+k/Fl+dxU4dqJyADOhGzCOleytoT4MJiflhz5NI1MQ="}},"Zyun0pJbtYNEGh7F2h7UN7/ZbuGWTkF8BwookkV0wrs=":{"valueMac":{"type":"Buffer","data":"/Sn3+6zdwo3lwvyfwoi4zR3o2LkPHeWg2iaX8kgH9wE="}},"aAMWSFoklvuYDbtk18cIM9Q76NgRCJlyUJGhUcjxfTk=":{"valueMac":{"type":"Buffer","data":"Ax3TP/3T17BxvaZkJIwfqfvCJev7dLx/kgF9wpx/NWA="}},"aJ0gYhXBxi/Ljg+vykGKrNGpPZjTxtRR3nKzDKoiWLk=":{"valueMac":{"type":"Buffer","data":"yskhP4cjnm1FHm12lJIAWSn6nRedPwQP9eD6+UIQtkU="}},"aUDWHdN9uE2degvhZFcDKVfub+TO13Op2+dn7DwgkUU=":{"valueMac":{"type":"Buffer","data":"aqhxIRfPjwxocEBo/qPFE9FUSpsmBT24r1wCevl4j/Y="}},"alYgo+pj3JiZ5pYz35saFgggJOu1JVHYn3Yvc48c8qE=":{"valueMac":{"type":"Buffer","data":"moAvwAZuDshEjtorz6meSrYPjlTEPCfdhnAuc/xOqhk="}},"a2K7qOO1VJoA43ObdMTL85NRT2e5d5NSdkQEFCfH9SI=":{"valueMac":{"type":"Buffer","data":"58nupbX2HiP5TXN12bPW92M4RfiP74ARd+H3tTe9knE="}},"byR/tKe2oHmrLuZ8Zkj3koCT/RFuNxp85VoxjLlvSXU=":{"valueMac":{"type":"Buffer","data":"xYHtupBX+pJBVgU/IYed8O/6z8yF83SAOMm2hYoglmQ="}},"b10BGVWlqpQArcfi2CYM7Uukq4QMtqp7nGQDWvlhSPQ=":{"valueMac":{"type":"Buffer","data":"PS3H5XjfQ1kJTkMMPgguF7bxpamOkblWdaXhGnS+/Lg="}},"b9HUhxQREIdak8RRnlczdiTi5bhem+DrvL6FBkB0nGg=":{"valueMac":{"type":"Buffer","data":"LYvb9cPIj7i/G3reISUex9GuiW4H1twSKJbrsQaxcec="}},"dl6Qd96Pz8YAz6QxSiSSdL4J7vm4k2o+sfuHFL1TyWw=":{"valueMac":{"type":"Buffer","data":"mo/M7InPoOoChd/j1kWxSCdYcNlhH7uaGiC9Go5aZK4="}},"dzfUqvGwy6Voz/zKv0Nev/QtfaZPQHtf35JKxgpQ7aA=":{"valueMac":{"type":"Buffer","data":"zYkbqQ36BHnpEi5IiBLItFCySUGGX14VF0qhiKo8V1A="}},"e6z66fNJ2UJD4l3HFJKQBKm4j8M+VHP8j4dgLLcpE2w=":{"valueMac":{"type":"Buffer","data":"bNHC5EgjxjYh1UxW6sTk4R+hnPSCDegzG/UzhNb3EsU="}},"e9mT4SlA5qyjqa763doCRI379eW4M4C+0/hGx8mGkUQ=":{"valueMac":{"type":"Buffer","data":"lyvp+YJiVJMT+ueQ4IIbPa6fqAXaWeD673cayPTD9pc="}},"gKsjxZ0sst+vwHDuVs7BkxdALfrVfHvbg0Lk87LdZzo=":{"valueMac":{"type":"Buffer","data":"m6LP4jNCdNpBHfHpqtkHMEbjolGYYq/nR6CNjS5QrLw="}},"gVtzTrBUpwm6sr04fzeYZWIx0rwN/ruADHz6WiXhzSA=":{"valueMac":{"type":"Buffer","data":"+ZAMb+mt6fjA1w/YOxYkiBfRFSO4AiecU9hlJlZhtEU="}},"iGzr3XDwiygazxUOH4RBUzVh0z++4sef8sIFUn/0hkI=":{"valueMac":{"type":"Buffer","data":"ahSi4X9exxjJcDSlMQ1V1Mx20os4k669ddqvrLhFQCY="}},"iYcJvsuWbjatg36Pk4fTXb4o/x7NLTMfpWZajYLTI5k=":{"valueMac":{"type":"Buffer","data":"/u4UvFIK8ABRaS+O36HaGXp8ai+iBPLSKRXg6qh9rIg="}},"ivX1Ij8f61RTfUsB1nWeWvjfWfGuhc4b3FDbevIdy48=":{"valueMac":{"type":"Buffer","data":"guXldwmY3wISDwUb9AqrISPPbKvxZKBMXLyqwNYPxLQ="}},"i10ACzN8YxeMgjkD2K7P9lWy9oxQu//idVsgScUYCwg=":{"valueMac":{"type":"Buffer","data":"OS63aSzFe/qteKqlJ8wTBI/k2HvIfdOmcCkQTyGQc3I="}},"jCIbufJDH8OX809POUKogm+dXyWLL7cZrt9iTgYmkhY=":{"valueMac":{"type":"Buffer","data":"4OTidj1HKC6He//6fhUABQF9XeUKq83LjWC0ZIsGihc="}},"jPQ/jAgJzP09rv0mb2z84l4xQhmT/D7eYHmR8AbDfhk=":{"valueMac":{"type":"Buffer","data":"82VPHvr8vGwgyGMBqn5iC4TSTKCsMXqq2lpxfscgS+Y="}},"j6tYdQF4cCucW4dDMJuPERJ3xioTWdwx2rtVxmehAXo=":{"valueMac":{"type":"Buffer","data":"LEpqoJbJ7okP18xExilaGHhda7YmQEPUyoqG33+l9F0="}},"kKTiCTZfEa7xNUhNcluscXjLcdUy1veVwqbNPJNyfTM=":{"valueMac":{"type":"Buffer","data":"IYTY3N/2ro7lB3oT3R7vjZe7pmrs8JnWAvzU95pDVjI="}},"kjkTrZZag5NEu9DgPpeIhuki6/tBXRFVqih6vzvfstQ=":{"valueMac":{"type":"Buffer","data":"NLFAHyS4TzAsI4a0ahzy+kdr7zmC9wVLwGTB1ZHafTo="}},"lmc0ipF8pfvC9epaUDZ7aHaz9iAsfzaFDcLAK2qj8XA=":{"valueMac":{"type":"Buffer","data":"+8/FS+acvbRHLMpp9EY5viqp1EeeNhntqzrHTsdVBS0="}},"l7MmQY6+XD4c1Vt254eY0zpQuAC7/I8SSxHDJJMstsY=":{"valueMac":{"type":"Buffer","data":"OkNUm5dhTq2SIVYdGalU6qHy9tPg+EzLY/PlxfhbHBM="}},"mXd6QciTvrzQHedXnjmR3yAwK/Sas9o+8Yf/YZhcfFc=":{"valueMac":{"type":"Buffer","data":"83PydgRPfpZeFARnLsYerdq2J+FIwEf/HO6lNa42zFU="}},"ms22f3Kk7CYUuQCZWLnfTGT8L6mjhdjcDl0DUFFnlno=":{"valueMac":{"type":"Buffer","data":"Sm4WT37oFXm9Qiln556Hi4H0ldC/yF0HYqRLBYzYm5E="}},"mtSfENdDFriGI4JobyzesIIcDFc82KMXa7JbrtzPnXY=":{"valueMac":{"type":"Buffer","data":"OciXN+K3MIje16jlmBSSzBkhrW51kB0+AgzUb+41BXk="}},"nWDh+na72Ufqwe4R0Xj93fL6KoQlvbDwZ1JXzWQTZgw=":{"valueMac":{"type":"Buffer","data":"uZoNZfpCZlyBbUJ0M0rz7SwZUSG3mj9NtVw6Yhw50q8="}},"ovJ4B9mCevt2xqehy0Ropt/u9zkLGJEtQ9Ju/rjYKRU=":{"valueMac":{"type":"Buffer","data":"lSwl82Ly2sYvzJbhl1WPSd7VRLRBmOwK0/MlPfxPD/E="}},"p/TJbjyb7HTv3CJrKYBkE8u4Nsr1R3wr59lNKtj3p8U=":{"valueMac":{"type":"Buffer","data":"ZBvjSIzPmxkmV1BtrrWAgx209lL0MzbnsR3J2oEUmzY="}},"qDa55A3VGxA2baDE3ZhGaiAvX0O0BPodPnpaD+A3tXc=":{"valueMac":{"type":"Buffer","data":"fSJW/vFrZQ2/uwlhCqw+3/o+9381ZidVRE0JUbqpDDY="}},"qIrG1qlnnsN2445TYsIl9hy8gnqj/Ky303y4RI3xTss=":{"valueMac":{"type":"Buffer","data":"8zEm7qPX2Vjpo/eF2T5CwHXBM6GumXX/URfB96sx0Eo="}},"qMH/9lFg8raI59g33zpedyurPN+QkdBmLzFfML4v5ac=":{"valueMac":{"type":"Buffer","data":"WJiaDaKI3Hqkbw7H+ehZtVJ+VssXtErHoyG8Xq+EXlc="}},"qg94V876ybmfLv+yrQbTSH5E4L7KZzPzOrnUYs7g51U=":{"valueMac":{"type":"Buffer","data":"t/lYRRbw5vPyYiR3wBc9fonZ6/3pnBPK8W8WUM4Sk9s="}},"qjBVcHnQ5rE5bck40abvojRdoTwwk8RmgZUPt5+ArPU=":{"valueMac":{"type":"Buffer","data":"ZYtJzuAKGUWts3uB0vFtTYl2cOtNqQpVvfgrnlIKjzo="}},"rFMmOpVV6KRAiNlH4MlrHzCu1A256sOeTXJSM9c+ihY=":{"valueMac":{"type":"Buffer","data":"nvg9hG5P7TC/F2Mvl4f0+6BV3TcdVFJqNLiUorcOevk="}},"rfZx0X0MQhHd5FP76uhkMMEWPdpVohUavMqnMgLOgGQ=":{"valueMac":{"type":"Buffer","data":"TN2ODE6h9oj+pxt6SucNlxATlVjJCIYfvH8S3PC593Y="}},"sHLdnR7efO8gq+pYTyTZ3dQWaM4QWxob0rDU5SNF6A8=":{"valueMac":{"type":"Buffer","data":"bn5F07Hwj0YfZiids4q0utrSbiBaY1PO5tfX1cV8KRQ="}},"sLO3B7pKVKyTX6yn57C6IuHJ97yj/lABCVq8oklEWEw=":{"valueMac":{"type":"Buffer","data":"sIZhMlMMAT1pa+6/AqXJNozptx4ua1d1rnpXdZG6/EE="}},"shBBRD9y6ru6KL8i8RMap15iFHaOYsgOgl5295zMbJA=":{"valueMac":{"type":"Buffer","data":"rf6nSnV47fi55avZCz2zD/kz5qmniWg+/Gpv2QYLg/g="}},"s0pYko1i5CSLDCOwcW0+1R2Rvs8Ppgt/p+C1PcSacKw=":{"valueMac":{"type":"Buffer","data":"KPPw+/PmS47IKyO92oZtecjmb3aBkERTSIYMcSaXvP0="}},"t2p4YYbPRMlTofXw5yHko3PPji4lW5rfIISoMVZoeVU=":{"valueMac":{"type":"Buffer","data":"81uSuarbmgZqhXERdetQQZ6c6Gssx7CUpmmb7E4Xh8Y="}},"vTSxOUabUPzI9Joeeq5thnwXplkfxBNLHKSJPKcGSqs=":{"valueMac":{"type":"Buffer","data":"JHzmhl34dIXb3yIc/UHhbkpA1869y6GH5cNdAW/cIHs="}},"vXTX9n6FtaiTk2HkwBLXSj29x3VKJ8kpJAhLo/1bNZ4=":{"valueMac":{"type":"Buffer","data":"QZJg7VeEL79nouTs3FeJrZuGeJcFJrbex017ewZxzWQ="}},"wA3aekV/+rO/BFo4pvjvXSWdjQuVXwsDWwNNzq8+o04=":{"valueMac":{"type":"Buffer","data":"PwbKfRf+fxPPdSlzWw8E1xNEmATeU7Xac1o3jy/3EXA="}},"wEN/idfcqta6c4l32TBjm1b7ZZ2GzbXyQ99GyozxCso=":{"valueMac":{"type":"Buffer","data":"Wa14BmMnzHNXWE1mqYw0LDSNrgsoo8LwIldMXWCPxlc="}},"wMuj7+9PTJX5+k+uJ+mDVQX5mRFQnYd7R2zZj4vi2eM=":{"valueMac":{"type":"Buffer","data":"cadqsG8aptj7iT3mWo9RQFPRjoxFYQxNZu+W7DMqsis="}},"weP/MVEprKeRA2obGG6phoFyGrhZP1QAJEaSXO4Xlm0=":{"valueMac":{"type":"Buffer","data":"XLg+LueQbDYNSsxfcGFTQ/AU89gk2hYaumrXW80in7Y="}},"zGdF1Z7MTINKwHDtYNNTvEt7ZKbKyM2sL/NlrixzTM8=":{"valueMac":{"type":"Buffer","data":"LKWQVZiDQlUJcQ/LlgVyjQFybDLeEcSN+veDp8v0ij0="}},"zRQHhm10BdOGdxrpS1YhpYsY3Uk8ckM3DL3R4zEuSSs=":{"valueMac":{"type":"Buffer","data":"38e+UBLEuGSOkHZvhWI3kqlXw0JciRtG71trHSo4eAQ="}},"zTHwoxGg1a1t/JwITpv3zorvYoyMQ/e3sb7a9X4uGXo=":{"valueMac":{"type":"Buffer","data":"2/g/2T4ZG8TuavcJk41E1SrYCJgH6IdUGSJR3LPjM98="}},"zair8qANhdW/lN+NdhP4KPIjqUSSP9luiXSSAqVNy2w=":{"valueMac":{"type":"Buffer","data":"Uho66PDwFvSZkYVNxpy69mM7a9yu8TowBOMkMIxTVEQ="}},"zgH6b/1kJn4fiT3yv0fNBTh5ytR5mlf+aiGANwXfhIY=":{"valueMac":{"type":"Buffer","data":"UEX9nQTqdXQyEFTkS7qnwkmP8mkAC3C7nxeNjwSbc0Y="}},"1qzG/K9CMkCkky5nbtp6y3etLASQapQ9i3bQDV3wOIE=":{"valueMac":{"type":"Buffer","data":"YGLo8oIQ2gKMCL0OFdDXoNdGKUfgQADAK2VEe7s7IW4="}},"2Gk17BelIcveI7X+uQXLyAuZW3xSA3NUgB0dymzfUmE=":{"valueMac":{"type":"Buffer","data":"Rn1Hj8fdGvpdO6emf2gJ9pIH3RS12tzj4/uMuoyFQzw="}},"2XhJq/21b477bR1qcYjuhkuOC8nIUgQE2YwqA9CRHUc=":{"valueMac":{"type":"Buffer","data":"1XdbWqx9lWg6Ha+c/nTg87A7Xlo4E2r5CiTLffLzRDU="}},"2uDKCXuCz53oMTkJSAhenrTx89Fv3I+UNZPYKdRGFLo=":{"valueMac":{"type":"Buffer","data":"2nz3CwGtWgZcuwUc/xTHJy82/XaK4yMaaidKGJ2iQDg="}},"2xhcIHGfwx/syJxLuK38e0EKFI+K63zi4LTzZA+I9z8=":{"valueMac":{"type":"Buffer","data":"PUf+jQ/QJbhDNPFud3ScIqfS8Uchjbe+S1mW/d3qn40="}},"3D21jeOuCUKC6GsrI9U1RBxNztO4/PJov95vNa343Sw=":{"valueMac":{"type":"Buffer","data":"PptyzX/m9G1WmYZPmUBXmmPCOl08TsFC2gINpdoIhLE="}},"38UUDifFpXb7L0r5KVy+yr9cQkXBL7AqJOyMRBS5sis=":{"valueMac":{"type":"Buffer","data":"pdm58SGZ5H9IdnnNMLbcafsp02Hz6SaKt131+vOUGfc="}},"4DpCAiHnlDUvdiEiq4X9Gt5oyDm+5Q3ra42mx1cA2qw=":{"valueMac":{"type":"Buffer","data":"/vDC9FGDrfy2X2qWY00r/IHJBGxcrQERSp1xXneNN1k="}},"4F3/4smcIcG7WnybcvElDuFNUzZc9oWFEjOVymiFw9c=":{"valueMac":{"type":"Buffer","data":"RjFuiwlM0zXjEDPxyLm8a2R4EnOLx3x2OvGX+F+gNJs="}},"4aELEHeCIXRIFMMkX9gKz97Vlo/ZKUhF2f5D8sfrkH0=":{"valueMac":{"type":"Buffer","data":"WJ9x6Ht/MLmbcuCIaGNBW7MoGTzK0QUbc/abBLoCLPs="}},"4dP1FP4pFNmMTBvTpRMuyiMA6lMv619cOZF6dj2O4RM=":{"valueMac":{"type":"Buffer","data":"mOWnxrsu9WkbNm6plu4xwRK9LGsT1ZQPI/pI1AgX0/Q="}},"4eRNjzCUWXaJyV2cKKL2iDxv3WLrwER+Z9AliaKKc+4=":{"valueMac":{"type":"Buffer","data":"ZXzGZeuD0t0HSY1OI/P7bg7Fdps28U1HCiZq4SMr8V4="}},"4j8bxP+qnXpM4XvlumBUT0YqGLY3IVqeL+FyW8zdLX4=":{"valueMac":{"type":"Buffer","data":"n6U6HKEmDRnxg1iO8YofGYjDLVM1silqMynE8UAozNk="}},"4ljHj1VBN/NOWUZ+kWrFP/q+iH858zDQuibTpWZNEFM=":{"valueMac":{"type":"Buffer","data":"lZBthZoowp/y7V9qglGXFKwEJFGzYkhAIlSOplYa7WU="}},"4yDTvx4j32Xs0cUs1aYK+RMODfTAhUokQSZS6jT7E+I=":{"valueMac":{"type":"Buffer","data":"pN9KFLyoChsOjlAQ+KUUL0Tq5rZoJcAOSl7EBWK/pbA="}},"5FzN0OKf7icHL4T+gtQxuoD9ZMXwycmORsewPYmSJ28=":{"valueMac":{"type":"Buffer","data":"yfeBRQHpsRY9Di42rrGm3Bkqg+6iUbb60naqeX7OKu4="}},"7NNQDhp7/rJQTqaWpL5wih4GGTl7dy9Ntcz8TdnEGf0=":{"valueMac":{"type":"Buffer","data":"hboeWbavzIe1fVKwFiJJe9jtU5ReD1lSXQE64gx27Hc="}},"7fb5BXGTAarTjwijCySwhW1XdEZySriUSmCgd8xb3WU=":{"valueMac":{"type":"Buffer","data":"zA0aCmRKFjxkAusFzLbJAVPR+5ryif2WufxpK4jK3U4="}},"8iL9ZHveDhD7qTVB1FvYQjvyULYKKNHR0Rr8vd1MnuE=":{"valueMac":{"type":"Buffer","data":"hhNKbDOS+O6W0FSFt+MF24CeMUBaBXY+auIgUSkjuJ0="}},"9DO+SdWIFrHscnj4A5v7vFlCCyZ+QpiKU2QY5W7lSC8=":{"valueMac":{"type":"Buffer","data":"8A6MS1vCPj5r5W2c3vLiroI3Gq5cv0vfPHgbTJ+7/+g="}},"9KtOJVutReEpCQ3lc2Ln8zDEwZZoZMWLMfEcSlTpXas=":{"valueMac":{"type":"Buffer","data":"emLt8qS1JpMU1xjTdSZZgEqEBNAqLdHz/kvYS5bW6EQ="}},"98JU3I+4HOLujeD/taeOoSzwCq8iZ3rd+z0cG/TevjY=":{"valueMac":{"type":"Buffer","data":"aNT5w67Rti5u3yk/ORzWiuHZnkO9Qes6IqIYGbBC94s="}},"+iRvNSxJkV0xoVDUKeoRiMU0bGabUI3ScSFUUxxNQqM=":{"valueMac":{"type":"Buffer","data":"Drm1JNbSIQCWn+J9LCBRstFl34eL+JPWgNqdInotchE="}},"/P38DfhWQuAFAJQ8S8b6oq4JoZs+RS2gx0WqmU0qEQw=":{"valueMac":{"type":"Buffer","data":"7ZKMM6N71Hzk6CCgBA4in/zNgxCP2qSZFyl5QiefK74="}},"ezJxEIlEkUN+v51keWr03v3Mcal02iO0763FA4Ll91s=":{"valueMac":{"type":"Buffer","data":"fgqIOmOIF7Fd2knfhLUK+a5p3GkwA7Jgixl7+snHi2s="}},"R4tz4yrOwsJheKfNPpzquJPLJYlqh57r51pzsKEGExY=":{"valueMac":{"type":"Buffer","data":"6TJPZSPgn7vJ9R/0pI8vyrqYzZzu3jIvXNLUqU4idp4="}},"6t0XBzQ5VBPhOqNynXoBZQOalCcNZWArCVLwE0dvBpY=":{"valueMac":{"type":"Buffer","data":"cwOPBW0YLckGLNTy2cqxjjrfSjXq/NQ8kumiwEdbhz4="}},"BNf2bWZ6k5brIeuDFjFGOPkn9GFUCWdI9VgO7PoU5lQ=":{"valueMac":{"type":"Buffer","data":"GjiAbgfJPP369dQc6AZAE3g9ErResGTBAPBy53R2nE4="}},"SymssrZgk0SSxKWrKksSjYtdDPvneebpk9EL0zJFQpI=":{"valueMac":{"type":"Buffer","data":"/KWWX/UaqGhsbDlE/UaUYGXHF/N1pxuAs7eIY1Y3sT0="}},"i716qb0q3czc0/5FP9pnAtEhHMPre5ojyk+xbjHUtbk=":{"valueMac":{"type":"Buffer","data":"Z4bgHoyRsblcWm3GzyKtK0ISZFiKnKyk/e/vwHDVxi0="}},"f7B9qnQaN12/Gk8EaZj8H58QXt1ZIv2SxdP4+K8r3f0=":{"valueMac":{"type":"Buffer","data":"3oeFJ9cKrrLbVRHzWi6zCfnHGxjrARD5xvSkh010oSg="}},"Cj8l0lSFBQ7syOJkmxQrGMUm8uKhuQ2q+/oI9cZu6ss=":{"valueMac":{"type":"Buffer","data":"oejKhR9KsUZbo3e8ikZWBVKcCJVvSfWneZqVD+wugZY="}},"PUlk5rsu9Zs1cgCHqZVaDSVhWllQMriT1KxrBvomT18=":{"valueMac":{"type":"Buffer","data":"CMuBr1sfMqc/Xo9smsVgJf7lBMXaM6+ZiB9Y1/o7r2k="}},"Ov1lqS6ANQpnpaDsFP9wKBM9aRJG/TdsyhlyrvkB9F8=":{"valueMac":{"type":"Buffer","data":"KjKaRHiNvnj7gisa7mF+RfEvCz17MuMtDkOWiJU8lNY="}},"wSed+l5Q25RFzIG26+nX6hmk2h74AET/eliNVJGuWV0=":{"valueMac":{"type":"Buffer","data":"QNhJR8R9g4vjLdrsRg5yE0697qOHusXALFlSUQTSHrY="}},"yNnabWRhOOwu9WWUsEtUfl1P8cy02KBnBdZdaWN01DM=":{"valueMac":{"type":"Buffer","data":"7WZvfN7CoA7hUmw2IrkgobzgZgaa65YqM1oUj5mG+zs="}},"oR2vegS6+n9gi5SZOe32+rAg31+gDFUljTm9Obta5/0=":{"valueMac":{"type":"Buffer","data":"aMPRzT3K9/kypryp4Zk49KKtTp/Uju7TKslMf7/klHY="}},"e/OkhR+2IgJ3efD+5tosqNlfL4uo4eGHRJaFZGK+dOs=":{"valueMac":{"type":"Buffer","data":"L62MK1rm0b2ZmTT0K7yeIalqChSPZuFFjPBLk0q2VPc="}},"4B40oES0y8+TVREnutm9xdteL1OBf6YxOTxW3ZStAPc=":{"valueMac":{"type":"Buffer","data":"XCC3wSMKWgRmvfJXSAOmoh7HdB7VVRn74bGGjMVBzo0="}},"hvO6GjnHc9dBYrHj9Gdm5d7Ek3p+B7Dr6tmIrTdPavk=":{"valueMac":{"type":"Buffer","data":"mOVTYikO67xf7JqoL9LyVLXB/xNotw1m2saMvnLvLOQ="}},"EkDeEjDhrurCsQ4Kr0BV0KthqJ3/vLIFxmo44pwfdX0=":{"valueMac":{"type":"Buffer","data":"gffeOrphfwi/QnZvsHuRn1IRX9cUv2GRmx3XDXJT+5U="}},"3Nuw09SW1iA+ahLS7m3orNSOPJHpLmcxQQpwommdGw4=":{"valueMac":{"type":"Buffer","data":"3wZrHpWTlmZ0NsMBvWH2qn+Tvjts0n7gNs5FZD5h14E="}},"wl9sLxocgPmiPl55bPjqX6ceMEPOCT1EL/bQuHGHeug=":{"valueMac":{"type":"Buffer","data":"eKk1KkciZ1mDV/xU3up2iIodTCFYjgB1GehlhldxtHs="}},"lHyqhfotk75ku2EswISo6G+cIWg40Za6gskj6KrRN5Q=":{"valueMac":{"type":"Buffer","data":"/piE2XAPCZyXeAZimuIf/AXLbks+bDE1rQDqpS868y8="}},"WwyoNMd5Eh+mL1cfAjQ1L2eTafKrm5hxmphTUlfzwUQ=":{"valueMac":{"type":"Buffer","data":"xNAyqTGrRRnXi2FxcrsvY2Of7jfRbz5O5XqI+uP0akw="}},"D3w/jtgeAkxMCGbjGx97zvCDjV1tVRRl+/KB6wUnSBo=":{"valueMac":{"type":"Buffer","data":"KXpQF7iw87xyYCa3SF+3UDZzhDQD27Ipn6ooVom91yw="}},"ZfDAvP/2nB4uWc1GuTwebHAYNkPxmV53F0zaMZe0wE4=":{"valueMac":{"type":"Buffer","data":"equcTLZ/TaOVJzIB+B3ESE0TphVqeE48fdRYi5zDc8o="}}}}