{"version":51,"hash":{"type":"Buffer","data":"iSWn/xKrQ5dKj2Ey+ufi5b8tzbrBuCgHcNeE5wE2E3SQT0NWiCvfiRhV1o8Z026lOdCdEoPv0CloPi+Dbn0iDcmmvtjFKGVEaEhs4rm339wrreG3TtjGILYsaj6Nr5psWU0ifX82arjhKxAtfCaQ06Cu0eJYADUiLsfksPsN2eE="},"indexValueMap":{"AF75NhR08uglLMNHsrY1An8KCoIKqEE8KWcW5I07D+0=":{"valueMac":{"type":"Buffer","data":"1zx95qPrKk4WpVdEJoJIDPTWRvynufgF1G9m+bHck3Y="}},"BD210fDWORohdEjH1SSRbix9YDnwSUoSRp9mio1oDLU=":{"valueMac":{"type":"Buffer","data":"5zDycpOgQGOVptevPyE9nr/zRPScZMeTLx2jGNACQGc="}},"BKo5UsU1Wt4FRO+NEgiAqgrzP4thrVO5qt+F2FaMGdo=":{"valueMac":{"type":"Buffer","data":"yMqc6NPMq/9YaFllHSrICovWd/mhH4gjagZmYqDkxA0="}},"BuHHDUOOps32dtrEOGTtYqurpeTaX0qZ+Mb63qOVh4M=":{"valueMac":{"type":"Buffer","data":"OLd12mqAgPSG1yzN6du5mxI/iPFFpMXQfVDFXeqrwCI="}},"E4m43Uj/xGkceKZ2yTGVBugyBKE56VH4Ptc8PVPHJrc=":{"valueMac":{"type":"Buffer","data":"mdZ2I5kegqk6/WYTsNneadsrWxLRfnK6j6u41DDMW38="}},"HjE3r4y73EBcBnNRBiB3n50xDzLK4E5A3n7m6/8tA40=":{"valueMac":{"type":"Buffer","data":"uFZ3KNLwnHRxMxu6Tej9EzjFMHrlSN0QoLOHTxHzAfg="}},"HpwKXQ1ygJG2bHlBsYLdGNLZ/dVsvKqyi+zzx5s1fik=":{"valueMac":{"type":"Buffer","data":"QPW6VbajfexUmcedsb7HnrPiEBntzAqFA15I2msGtls="}},"INxk0qSyGhG4wk4ItUgzHT5yQNosdK26yNmy9iCiGVw=":{"valueMac":{"type":"Buffer","data":"kLEtzv3w5WcgT8YE+EsIRl6jXHQPdVSNr/5SFxSFPBc="}},"Jb5vi7P4ynorstmlWJEaYEvD/iMQNn7N62jxpMqX6Xo=":{"valueMac":{"type":"Buffer","data":"lARUhuWEIjM34GaKDGOWPhHWmLf2FGL7rdpVFH87HvM="}},"JkNJkjaCzlCBgB+Kj5oAARHhONKcK4NS/q3CTpDG+WE=":{"valueMac":{"type":"Buffer","data":"NSkbMOsNHG00rlSHQ7+ePJl505qNQkPmqz29HrlGfuE="}},"Kc2vW7b/zhHAhuBPwJ7bRQ3q7ICUcttC6oEOHqosg7A=":{"valueMac":{"type":"Buffer","data":"33oQIGI6YD0Y67/wJUE0NoWxdBX75+iYxQLBHIHCTyc="}},"Kri+vPE3edpEXLkeFvl7RKC6Qpo4tGjyWOITm00aFys=":{"valueMac":{"type":"Buffer","data":"2OHfuL7CQzAMjnq1+PyJM/42PgQazQGrOAu2vdt+neU="}},"KtK1KN5OCvogev+/q7ePDgsMpHdI63mOszPvBA8v4kI=":{"valueMac":{"type":"Buffer","data":"Did5Hk4EGWDKz+t8CJmosrtVIP3LsGPpWnzF9cC0raU="}},"K1hkCbWpAEC9enWD0Jn7/D9SSKgYI3SFJTNV8+dZdaI=":{"valueMac":{"type":"Buffer","data":"5HAkOxeptofjmWSBQHOO3hdi0wn6keCJDHayM/EEimI="}},"MFZHdAIzmeMRoaBgEfWe1IpSD1SsETfmjfi/46PzCO4=":{"valueMac":{"type":"Buffer","data":"f/qmFiR1yLg05lYyheOm66Dh41nu/VdK5qvmjKKX5Ic="}},"M5Ovd2IxElX6iIEwff53WR7SKIE5adpQxjlPYTBq5aM=":{"valueMac":{"type":"Buffer","data":"VPyVOdENiMspIbzhBgs0PhyLue5fpWLZ31g7KEL81ZA="}},"N5ZheXA5dDOIL4lWqG9Yd7vQKhBsaZBKpG+WQZ/FKV4=":{"valueMac":{"type":"Buffer","data":"uYqaj1mJChLQEXozgkGAXFjb7UMDBgMnZE4vom/nxpo="}},"OhskaYAIIDoJK7n157lCLrRUSPZRc/OUXXo4gyh9XRY=":{"valueMac":{"type":"Buffer","data":"JaB06fZFblIHe+jmYt58pgRz9XMOBDpvTcVbfERiIqU="}},"QF6D4bnqsh+BptupkKfxBaNSH8wRwiCfokhgIGuOMpU=":{"valueMac":{"type":"Buffer","data":"QXu1j7KPDRxDongUqKCeVD1hDzB9M3zZPGKVpxBDHO8="}},"RR0iz1GuybJKY5QA5E37swuOUxs4q4M9SzOZCmv89Jc=":{"valueMac":{"type":"Buffer","data":"2cBuCa0pYB4L+Jy+e2E7L0ZGKE1ZuxxjTXTg8+Vostg="}},"U2ZMQgfjPD+zVxwIB5HdeO7Is3fGA58jMuJLomwJxhk=":{"valueMac":{"type":"Buffer","data":"jh2pE/PYgFDj+oQvB9FT6q/3Ja1cJoX/0OpFGKJju2c="}},"WFj0Cg8lMI8RPYcn4Gg/DAHWW0YFAu6DtDeDpQKK4XI=":{"valueMac":{"type":"Buffer","data":"wn2k97WcRAc2OD0RVs1YRdZZTvoC++XI30eQLBe8ep0="}},"XPmrS42ZmqPC9t9GmaVTyn9BTdalAwLuNNEmadsYDt8=":{"valueMac":{"type":"Buffer","data":"oN6laQ6+BlifOHDCkQgIBNWRZA6GqquFim4LUS8GHWI="}},"YPBjlb0Tjq+ITTRNjJnKSkQ8+PYZpuL4dkpc7rOlNhs=":{"valueMac":{"type":"Buffer","data":"sNe/WU83GVCaHRovLylgQBDAuwDXwRUP2E5m4l87anY="}},"ZPSW5Gmyu1gGkUiTHFyeU58/8+Po/lZ0zBBv9PlYlYA=":{"valueMac":{"type":"Buffer","data":"GPe8A6waLFAF3uB4Vw+H2nUZ8yljoiS8bH6C1t5yCEU="}},"Z2engiRcFweK53856xP4OlRQXWVIL9d++FhVI70iGHE=":{"valueMac":{"type":"Buffer","data":"lxnwPFhZmHngab3T5CePShCz79BvBUs+KfPgvf8wQfk="}},"df6gaFzrACUFHu++4Ll7OdYEhd+/SH+ML7bOgXqLALA=":{"valueMac":{"type":"Buffer","data":"aOGyvC4Ln3Q+t3+j9jgFO7kWh/c1AztUSGYOxUBr3XQ="}},"gVG18LmAzZoiiqm4uB/ZJCzfOq3OJQBSe+ft0iEfFUw=":{"valueMac":{"type":"Buffer","data":"Tp9r2Y6dRqnMqzyFdKFUR9g9ygkLnLf6iatVBxPVssQ="}},"gni5sd4VGCpbZ7LyNOag/uMnbjij4tjDwOWaZONp4vQ=":{"valueMac":{"type":"Buffer","data":"PLCNUB+tyJiZDtbbu57BG+2RZYQr78rKM4atLaG02no="}},"g7qqGQfgMXEmK5gzXzfupvQnaqF8uVMS/eacfiDeMD4=":{"valueMac":{"type":"Buffer","data":"/O3ItbksMZdLkZZNkUDBMCeHTewUu0PWrsExmigV9Kw="}},"hcroKdHafQaMZHM4gHQDE+kfVQAGoPKoDuN4nQtxc2M=":{"valueMac":{"type":"Buffer","data":"webUFUw9d/T60xs+oyiO9vhBla+ZJLx+Icn+PnNyi4Q="}},"iPASn0DFzUlJ4GCnasM9s8RfHLMTwJWDg27PqEgxW+8=":{"valueMac":{"type":"Buffer","data":"hQSFROoPOIUkP7gjJWfwlUC5KXWAVKtE44JgzI5leFs="}},"i2xvwm4m38lFNddJg1tC6lAVm8/35WhvLK3ftln58jQ=":{"valueMac":{"type":"Buffer","data":"FaZ6blxgxSjILbC8FsFpsnw+6sCISXP1cyS4mByi9GE="}},"jG9cBN3vZUcUBY5OJ/uYgfdUtOAX3aLy117dUSnImd0=":{"valueMac":{"type":"Buffer","data":"9zn5BcExTJ0oGMw1Dy/39rlS9H0HvUrgZ0lEeuKyEkk="}},"kPIwnS40IRcWReq3h7ticBGN1MEh8Ixt5V7nkrFtGjo=":{"valueMac":{"type":"Buffer","data":"J/WLuiw8wU7hc2v1eatxyqPcAX/Mv1j4HaKKWzPYcbI="}},"l+dRRZd4/aWLgJ7f01ItfBhCRuoeRqBFh777iYBmtDU=":{"valueMac":{"type":"Buffer","data":"ab8g+zwJsZ6epToUAyqPu/47X26oA9QUalLd6Ke1JLY="}},"oN5rBQ1HYwzw6XiIYyeKIGPRP+0P2RRUlGtH50k1KiI=":{"valueMac":{"type":"Buffer","data":"PYfdy5P1bqRGFbZ5Y4gHodQphKivxE6d2xcqJUy3TGA="}},"ohHXPsu+TYNO90IFsRxvvjh0qUQVdl3LfcSLxdE5R9w=":{"valueMac":{"type":"Buffer","data":"Izd0Q/2MmCGB5g3x2SjHNJ8+D/G/pbEWVhSU+DUFRBk="}},"rrs+nc7+H+bHAj0EJ54A/THIeus4EJTIFBvrBgHQS88=":{"valueMac":{"type":"Buffer","data":"5RaRvucK/uBEJgdEpT0MGBUBG1qqHqLnLs7jMWB4Sh8="}},"rybGllfzWwvhbABIMAw668YT1xEdl1iIx4QfL6WF7rY=":{"valueMac":{"type":"Buffer","data":"MoNM0U4j3WrG3Pu/zLGutxNZLdUFKYy9MyXGUWL5n34="}},"sgJZB/gPmy+yQ8oVjLDmMI6zDvInpiK10upGM/56zQI=":{"valueMac":{"type":"Buffer","data":"GM7BwML9BfxXLoZbJ2yeA6MExNsdHEobMgxvdrcZpg8="}},"toAhOOquyz1cGp9s+SsQQh3qbUyqBWRAsXM1PDT2VX4=":{"valueMac":{"type":"Buffer","data":"JjrSYItk/UTTmdzCTw50qzoUwC7apf02MJ/GXdxzpSM="}},"t+lpeqc1RMEy2mbSlYyFG2ZXPKr9s/QlCn4jdtNCn0E=":{"valueMac":{"type":"Buffer","data":"KSk/7NTgU9AVgBv4hk9AG27JlIgT/zqZ3nkhDJ3fnqQ="}},"us7OJE9FZIKLruhYVA53jyTqgtnF6Pkg+0pCs0RJUV4=":{"valueMac":{"type":"Buffer","data":"MX7XTIM+qeUfYYb5THPL3DxIAcgHZmi0SqKsTHT+DlM="}},"yFfPLGBxaPEBd7V/JTaNh5Rg+OzI4q25exq4Qq7nDxA=":{"valueMac":{"type":"Buffer","data":"tJVE9uZL0f+ozFOJ/92QTjLQ/zMWKXUFlIVABCR1LWM="}},"z1F6g8CTstK94f6ZhtFYEjJTA7XAj1Kp2TtXTASay88=":{"valueMac":{"type":"Buffer","data":"fnltgn25NksDuPRxjt2J9gU3QRz1CHKMqx1ScDDMQAs="}},"z7lKoaGvyQ+WAZcRfwOpznVDB4vJ4Up12w5m+9Bc2Rw=":{"valueMac":{"type":"Buffer","data":"sUHZQI8LV+pQykHcYp3Q85dIq/o0AtUVMetRJduAUSw="}},"0EvVzG2edLSPViLOuzcnDUF1EACsmeo3AQL8N0Bod28=":{"valueMac":{"type":"Buffer","data":"43jzWSJiifB53ISjN3nQ5dZ8C5esS3Ao0clsQAOBRP4="}},"0wbP3rfx0BdUFTQ+clUEFQbtYdjkQtmw7NIXvP3C/xg=":{"valueMac":{"type":"Buffer","data":"O9+fYYNxUJdcVIyyWGPYzG/EpZi38rowCg70W4Xk1XM="}},"1ShwlarXNISNckKIyn2FSZsXEtapHlujqnFt/nChPBE=":{"valueMac":{"type":"Buffer","data":"3YEGiDDTfV6MIlKoNffqFnQkPrSep9MEPC4hwr+ems0="}},"2Ti2JRL9oruFqUF2gMpBYUtijiPtB9Ict+b8MJ4BjYE=":{"valueMac":{"type":"Buffer","data":"cjFre6u7K4ccHfHSODVkOv+ChiKtOwIsrVgyTN5/mFU="}},"2gCHjAW+D4PFNdjf5O2bhsCBI7RanNx50bkl5TWHVWM=":{"valueMac":{"type":"Buffer","data":"X/MZFTt82q1fer2F5hF7e51/M9PUXTpQRqxbNZlZNQU="}},"22eC2aatOXgga4S5um7lcIExSeimAANu+Og8mGZfokM=":{"valueMac":{"type":"Buffer","data":"NRdrHFZ7Fv4rrlTPxAmKEqdcFRFH0Ixfm7CYJ1zmJ3s="}},"2/Afx6U9h7FMQ/6L59LSmRt19Ei6uJ8USZ9GLxGce1E=":{"valueMac":{"type":"Buffer","data":"A+g4XEYf4E7Cub2CtQOiIefx0xcboHqtUjcUN7W/534="}},"3UJ5vd7WNQ4e5g4E+UYnU+WaZp96ecBZdXqumDbKQgs=":{"valueMac":{"type":"Buffer","data":"3W9OoH9q+nt05Xq81rjKLWjn5BIaEHW+ZnuMwlXDLho="}},"3qTZSAn5j/fxVSEKbmlNaHTm0/pQdGOpxtxlCH9NK+M=":{"valueMac":{"type":"Buffer","data":"5784JHMkM9r7JwAfFofD/NMJSpMF2ekyhozCgrCNeSk="}},"4ErPnaMDQhJAZ5nIRrMyhqzcBDB/Vlc4zTKmQOVfEN0=":{"valueMac":{"type":"Buffer","data":"2B9Bl3Cnzc0E05lni7daMYDpZntFEu6UsLPmHP4/zsw="}},"4Zp1f1x1UPoAaG8A4M+aPoAtfAjO3TYdCWhxKitGv9E=":{"valueMac":{"type":"Buffer","data":"g/1CX552cP8BmMWtF78XL5gIoWvRpGc2hQSt3IwgjCk="}},"6/KjFpF08RIWfOO+Sp4gLxX2gSRUI0iKpyvSGGku+3A=":{"valueMac":{"type":"Buffer","data":"1uK+0RYBNbfbSkRGcAoN04FhBkdO1xWWvZkMBDosfKQ="}},"7q0HfZJEOSiHKYNL7iFLkv7ri758NAOwA4LbW0UG/m8=":{"valueMac":{"type":"Buffer","data":"vEEiBzR/m82QF/uk8d1aPv1uokrJ1YYh3AfTYLAmpxQ="}},"8rYIvCplQRHMaTJDgTrO5bg2IPHqOjgWClf9bnt/19U=":{"valueMac":{"type":"Buffer","data":"Qf14L2vRHpkfOOtMEfd7TyM2v9q+KYYhMldgVkfqXvQ="}},"9LqTH+H6QtfsNPUHLfevAsvElbgrnZ2xHwFwVG2tIu4=":{"valueMac":{"type":"Buffer","data":"UMiZmSrOCn25rFj5n6AE7sX1rRvmQ61ZQWP5moWKq9w="}},"9TfyQxyJWuF3kyXvo65ijWAOO64YVNLo+alxDhaD/WI=":{"valueMac":{"type":"Buffer","data":"n2lwZtkSK6dyP8AliskvcESOGoTdAH9B9sXxviD9SBs="}},"+dz0HkdHSIE3pKzxs2gHaxQxw21OPmcps3/xXNYA1L4=":{"valueMac":{"type":"Buffer","data":"kXGJPiATSeMN63TD+GHozpQCUJE/IlUKPFz0oPT9jrM="}},"+ozfE0Yh7z4AemIlfOgnurj8y8+Ett9dE1p6yMjwDjc=":{"valueMac":{"type":"Buffer","data":"g0KL0RHflHbXRVFPKF4NlTVIerauWz5JVtlhNtDoYjQ="}},"+yzoFO33lN0dTgmMx+c4UgRv0i0UqHdArIDw0KN2maM=":{"valueMac":{"type":"Buffer","data":"DmLxYLXtAlgEv2GT+lbWmJQM7oZD3zj86FyUxULL0Ro="}},"/Yrl/lNgcoG36b249zL+VC6SZ39TXHefGKpXPFxt3Xg=":{"valueMac":{"type":"Buffer","data":"NUE/+P5jPWLW5XUyRlEiI9fcniejJp+6a7rG8pjCAKQ="}},"iO0lvsjrsAykKjwBqeL8VOAWigu3Nb7HqMuV2kWUsMs=":{"valueMac":{"type":"Buffer","data":"bg00laVkqRkDfollbL6C+UryY6QHmyiTUszSAyhFGSE="}},"I/1VSx1sYgncmwRJ92nXyroyU51AAqBQ59elnzszYWc=":{"valueMac":{"type":"Buffer","data":"wk5NvfryjE5iUx/3lcyGyzfmzuO9Htg8WUDFBZ69V24="}},"qLOEak0OHzE56D9X6knYTxZT3gNK89VMYAJXCUyw0hE=":{"valueMac":{"type":"Buffer","data":"PeIBfXcrP5DO8DFWsiMV4O7R31asSSPmUSRz6X6x2b4="}},"lPFHHmR2yi5nPe9tmEfIiEGEzLuRzoRQVvPyPL446s0=":{"valueMac":{"type":"Buffer","data":"tXGExP/IBO/Njfb+68UdOzbDucaoREyU2LTwC/uGUdU="}},"Cp539KFeW8RXnb3AChhFaeUfNgyJbu7ZGdQSS1b3ji4=":{"valueMac":{"type":"Buffer","data":"qzUSP7oUEVgtvjhrTHYnKnPy2Hr3j7flbTv5vKSUO+c="}},"f+vV6Nh/R8yx0OSEzy8g6qFK5pztq2mzFw5EMOLf6mk=":{"valueMac":{"type":"Buffer","data":"EmOTyTLsjxeQUZWCJJKckKPNLFevcMFbXReeOGEzLUo="}}}}