{"_sessions":{"BVsNzG1fC8+ygSgKPvErf+ZODbtf/TlMbSMws1jjtQcx":{"registrationId":1331656820,"currentRatchet":{"ephemeralKeyPair":{"pubKey":"BRhlki1XYjvXyiDyPUPfOpZoY1Ko+tceOjTGxH8c0Qp4","privKey":"wBQJwUs84wHmxpNef/bA5lZEstTuiQXrJb4dTFEc00s="},"lastRemoteEphemeralKey":"BTCPSjl0d0D224w5tMsNnqc44VsTyZhfIRZuaFwYRTlE","previousCounter":0,"rootKey":"2BFO0wX7n6di7tkIM3QfBWqjAhollDmchMQSMlwvp2c="},"indexInfo":{"baseKey":"BVsNzG1fC8+ygSgKPvErf+ZODbtf/TlMbSMws1jjtQcx","baseKeyType":2,"closed":1754073339290,"used":1754073337933,"created":1754073337933,"remoteIdentityKey":"BTVvjmVQkTBC1IUSEaoL4xIHsZ6YIkc33/AwD2avCjx+"},"_chains":{"BTCPSjl0d0D224w5tMsNnqc44VsTyZhfIRZuaFwYRTlE":{"chainKey":{"counter":0,"key":"1LVfc9SndVNTxkT79aG+RXb6wYa/YGgtwMS75iI036s="},"chainType":2,"messageKeys":{}},"BRhlki1XYjvXyiDyPUPfOpZoY1Ko+tceOjTGxH8c0Qp4":{"chainKey":{"counter":-1,"key":"2l21QKmTE+Fna0RgdJ4djqSXo/DBWdeQ4dXIS3u2eGI="},"chainType":1,"messageKeys":{}}}},"BfcYA+YZJ5HuSP7WgOuLbJLdRpQZR2V87nD/phWhWCxp":{"registrationId":1331656820,"currentRatchet":{"ephemeralKeyPair":{"pubKey":"BTq7d9rkzwOG2aeX4TPGlxElz+emcurdGAJ1nad9fGc3","privKey":"SAjVeVS5V/02qC3RMxASaRkvl8JvZyTiuYtxkt4o2kw="},"lastRemoteEphemeralKey":"BTkCWovNS6zS1zhJjxuOhWfVCKPffDrEd9m04780q3w1","previousCounter":0,"rootKey":"nSpFRVvVkTOOTt+6EBsNsAfO/WfCxLp+KtYgE6DvjdE="},"indexInfo":{"baseKey":"BfcYA+YZJ5HuSP7WgOuLbJLdRpQZR2V87nD/phWhWCxp","baseKeyType":2,"closed":-1,"used":1754073339295,"created":1754073339295,"remoteIdentityKey":"BTVvjmVQkTBC1IUSEaoL4xIHsZ6YIkc33/AwD2avCjx+"},"_chains":{"BTkCWovNS6zS1zhJjxuOhWfVCKPffDrEd9m04780q3w1":{"chainKey":{"counter":0,"key":"62FwS4HKkFjV8DKDbdUUCAnzjveGoPizpacsyeDjEms="},"chainType":2,"messageKeys":{}},"BTq7d9rkzwOG2aeX4TPGlxElz+emcurdGAJ1nad9fGc3":{"chainKey":{"counter":-1,"key":"LB0V5One27aVgWDLzF2CFDAcssQGn83F/Rf9OV2EwWs="},"chainType":1,"messageKeys":{}}}}},"version":"v1"}