{"_sessions":{"Bf924zNUJynRnXnR8sdpfQrdcoX8k7N5uSH0lL4kETdO":{"registrationId":654423074,"currentRatchet":{"ephemeralKeyPair":{"pubKey":"BWDOdvijV/bkOnOddIfxF7ElYwO0tmItW5+EcnqpEWZg","privKey":"WKx0fDcbaF/WI8l9sH8MGKNnvdNafaCXkyK9bwGTjWM="},"lastRemoteEphemeralKey":"BThumU67NZjcoMqf/NbhNGUWVH8i0avZdRnF9qDMKm4S","previousCounter":0,"rootKey":"w6JlIpPVOzpOWx9uWu9nhzF48pr0a+nN1R7NX7+Fo3s="},"indexInfo":{"baseKey":"Bf924zNUJynRnXnR8sdpfQrdcoX8k7N5uSH0lL4kETdO","baseKeyType":2,"closed":-1,"used":1754073377511,"created":1754073377509,"remoteIdentityKey":"BS24xCKBp+wLKYE0FDHGfK+AnLHB2HOVXynyv1veyKRN"},"_chains":{"BThumU67NZjcoMqf/NbhNGUWVH8i0avZdRnF9qDMKm4S":{"chainKey":{"counter":0,"key":"sLvDSN5ax0a1fpIdPBSuBqp/YNfAofhorKsUYUaeXnk="},"chainType":2,"messageKeys":{}},"BWDOdvijV/bkOnOddIfxF7ElYwO0tmItW5+EcnqpEWZg":{"chainKey":{"counter":-1,"key":"AiBoiWGYQ5VP/nipFd9SKbb6wMZpD1zA0eOpIP8vFUk="},"chainType":1,"messageKeys":{}}}}},"version":"v1"}