[
  {
    "jid": "120363294775868223@g.us",
    "name": "Debate 3arabi version",
    "customId": "833"
  },
  {
    "jid": "120363417933320464@g.us",
    "name": "حبايب بيبي",
    "customId": "0Z1"
  },
  {
    "jid": "120363237318487161@g.us",
    "name": "Chips Oman 3mk",
    "customId": "X43"
  },
  {
    "jid": "120363274630560752@g.us",
    "name": "مناظرة العربيyear 8 boys",
    "customId": "399"
  },
  {
    "jid": "120363279465199893@g.us",
    "name": "الافساويا",
    "customId": "070"
  },
  {
    "jid": "120363374507462052@g.us",
    "name": "MUN/LFC/ARS",
    "customId": "X89"
  },
  {
    "jid": "120363272691480853@g.us",
    "name": "SPS Sports Olympiad Team",
    "customId": "899"
  },
  {
    "jid": "120363277553379026@g.us",
    "name": "Fantasy war",
    "customId": "96X"
  },
  {
    "jid": "120363355195622278@g.us",
    "name": "1/3 (failed)",
    "customId": "942"
  },
  {
    "jid": "120363401031700415@g.us",
    "name": "دلع الروح قبل متروح👻",
    "customId": "5X0"
  },
  {
    "jid": "120363370215136163@g.us",
    "name": "التسامح",
    "customId": "50Y"
  },
  {
    "jid": "120363401302508595@g.us",
    "name": "عيدميلاد علي و مالك",
    "customId": "026"
  },
  {
    "jid": "120363416290117612@g.us",
    "name": "Roro elbalad",
    "customId": "76X"
  },
  {
    "jid": "120363165812503263@g.us",
    "name": "Friends",
    "customId": "95Z"
  },
  {
    "jid": "120363167906010403@g.us",
    "name": "friends",
    "customId": "Y64"
  },
  {
    "jid": "120363247082013567@g.us",
    "name": "شباشب 🩴",
    "customId": "824"
  },
  {
    "jid": "120363322371975853@g.us",
    "name": "Fc 24 tournaments",
    "customId": "1Y2"
  },
  {
    "jid": "120363419074538407@g.us",
    "name": "name later",
    "customId": "7Y4"
  },
  {
    "jid": "120363399701084001@g.us",
    "name": "معليش اخوي بس قاعدين نبني جروب كمل وتعال بعدين",
    "customId": "7Z0"
  },
  {
    "jid": "120363393602166989@g.us",
    "name": "SPS SENIOR FOOTBALL TEAM",
    "customId": "3Y7"
  },
  {
    "jid": "120363334922535507@g.us",
    "name": "الحجز يوم الخميس",
    "customId": "93X"
  },
  {
    "jid": "120363392404011870@g.us",
    "name": "جروب الادمن ❤️⚽",
    "customId": "232"
  },
  {
    "jid": "120363279390046971@g.us",
    "name": "..",
    "customId": "76Y"
  },
  {
    "jid": "120363360704655199@g.us",
    "name": "Year 9 see?",
    "customId": "273"
  },
  {
    "jid": "120363356433546759@g.us",
    "name": "قروب ‏الإسلامية",
    "customId": "959"
  },
  {
    "jid": "120363401742170373@g.us",
    "name": "WORLD CUP ",
    "customId": "1YZ"
  },
  {
    "jid": "120363319054110641@g.us",
    "name": "اللغة العربية ",
    "customId": "893"
  },
  {
    "jid": "120363361198396587@g.us",
    "name": "صبااحو تحدي🔥🫡",
    "customId": "633"
  },
  {
    "jid": "120363167495223428@g.us",
    "name": "𝑭𝒂𝒏𝒕𝒂𝒔𝒚 𝑮𝒆𝒏𝒊𝒖𝒔 ⚽🇵🇸",
    "customId": "554"
  },
  {
    "jid": "120363367770558592@g.us",
    "name": "𝐅𝐏𝐋 𝐄𝐗𝐏𝐄𝐑𝐓",
    "customId": "611"
  }
]